gameId	code	displayName	category	family	regionScope	provinceCode	cityCode	version	enabled	sourceModule
1	hzmj	HZMJ	MAHJONG	mahjong:standard	NATIONAL			1.0.0	1	HZMJ
2	sss	SSS	POKER	poker:generic-card-round	NATIONAL			1.0.0	1	SSS
3	lymj	LYMJ	MAHJONG	mahjong:standard	PROVINCE	fujian		1.0.0	1	LYMJ
4	xmmj	XMMJ	MAHJONG	mahjong:standard	PROVINCE	fujian		1.0.0	0	XMMJ
5	nn	NN	POKER	poker:betting	NATIONAL			1.0.0	0	NN
6	fzmj	FZMJ	MAHJONG	mahjong:standard	PROVINCE	fujian		1.0.0	1	FZMJ
7	qzmj	QZMJ	MAHJONG	mahjong:standard	PROVINCE	fujian		1.0.0	1	QZMJ
8	CD201	成都跑得快	POKER	poker:pao-de-kuai	CITY	sichuan	chengdu	1.0.0	1	CD201
11	ptmj	PTMJ	MAHJONG	mahjong:xue-zhan	PROVINCE	fujian		1.0.0	0	PTMJ
12	ndmj	NDMJ	MAHJONG	mahjong:standard	PROVINCE	fujian		1.0.0	1	NDMJ
13	smmj	SMMJ	MAHJONG	mahjong:standard	PROVINCE	fujian		1.0.0	0	SMMJ
14	npmj	NPMJ	MAHJONG	mahjong:lai-zi	PROVINCE	fujian		1.0.0	0	NPMJ
15	xymj	XYMJ	MAHJONG	mahjong:standard	PROVINCE	fujian		1.0.0	1	XYMJ
16	ssmj	SSMJ	MAHJONG	mahjong:standard	PROVINCE	fujian		1.0.0	1	SSMJ
17	namj	NAMJ	MAHJONG	mahjong:standard	PROVINCE	fujian		1.0.0	1	NAMJ
18	pt13mj	PT13MJ	MAHJONG	mahjong:standard	PROVINCE	fujian		1.0.0	0	PT13MJ
19	sg	SG	POKER	poker:betting	NATIONAL			1.0.0	0	SG
20	ygmj	YGMJ	MAHJONG	mahjong:standard	PROVINCE	jiangxi		1.0.0	1	YGMJ
21	yglfl	YGLFL	POKER	poker:510k	PROVINCE	jiangxi		1.0.0	0	YGLFL
22	npgzmj	NPGZMJ	MAHJONG	mahjong:lai-zi	PROVINCE	fujian		1.0.0	0	NPGZMJ
23	zjjhmj	ZJJHMJ	MAHJONG	mahjong:standard	PROVINCE	zhejiang		1.0.0	0	ZJJHMJ
24	hbyxmj	HBYXMJ	MAHJONG	mahjong:lai-zi	PROVINCE	hubei		1.0.0	1	HBYXMJ
25	srmj	SRMJ	MAHJONG	mahjong:lai-zi	PROVINCE	jiangxi		1.0.0	0	SRMJ
26	ysdz	YSDZ	POKER	poker:510k	PROVINCE	jiangxi		1.0.0	0	YSDZ
27	gdy	GDY	POKER	poker:generic-card-round	NATIONAL			1.0.0	1	GDY
28	qdmj	QDMJ	MAHJONG	mahjong:lai-zi	PROVINCE	shandong		1.0.0	0	QDMJ
29	ytmj	YTMJ	MAHJONG	mahjong:standard	PROVINCE	henan		1.0.0	1	YTMJ
30	ykmj	YKMJ	MAHJONG	mahjong:tui-dao-hu	PROVINCE	liaoning		1.0.0	1	YKMJ
31	ddz	DDZ	POKER	poker:landlord	NATIONAL			1.0.0	1	DDZ
32	jmhhmj	JMHHMJ	MAHJONG	mahjong:lai-zi	PROVINCE	hubei		1.0.0	1	JMHHMJ
33	hamj	HAMJ	MAHJONG	mahjong:standard	PROVINCE	jiangsu		1.0.0	1	HAMJ
34	xyzb	XYZB	POKER	poker:510k	PROVINCE	fujian		1.0.0	0	XYZB
35	pxcn	PXCN	POKER	poker:climbing	PROVINCE	fujian		1.0.0	1	PXCN
36	zjmj	ZJMJ	MAHJONG	mahjong:lai-zi	PROVINCE	jiangsu		1.0.0	1	ZJMJ
37	dymj	DYMJ	MAHJONG	mahjong:lai-zi	PROVINCE	jiangsu		1.0.0	1	DYMJ
38	symj	SYMJ	MAHJONG	mahjong:lai-zi	PROVINCE	jiangsu		1.0.0	0	SYMJ
39	gd	GD	POKER	poker:climbing	PROVINCE	jiangxi		1.0.0	0	GD
40	csmj	CSMJ	MAHJONG	mahjong:standard	PROVINCE	jiangsu		1.0.0	0	CSMJ
41	wzmj	WZMJ	MAHJONG	mahjong:standard	PROVINCE	jiangxi		1.0.0	1	WZMJ
42	wsk	WSK	POKER	poker:510k	PROVINCE	jiangsu		1.0.0	0	WSK
43	ycmj	YCMJ	MAHJONG	mahjong:standard	PROVINCE	jiangxi		1.0.0	1	YCMJ
44	nhmj	NHMJ	MAHJONG	mahjong:standard	PROVINCE	fujian		1.0.0	1	NHMJ
45	lpmj	LPMJ	MAHJONG	mahjong:lai-zi	PROVINCE	jiangxi		1.0.0	1	LPMJ
46	bdmj	BDMJ	MAHJONG	mahjong:tui-dao-hu	PROVINCE	hebei		1.0.0	1	BDMJ
47	yxmj	YXMJ	MAHJONG	mahjong:standard	PROVINCE	jiangsu		1.0.0	1	YXMJ
48	tzmj	TZMJ	MAHJONG	mahjong:standard	PROVINCE	shandong		1.0.0	1	TZMJ
49	sgmj	SGMJ	MAHJONG	mahjong:standard	PROVINCE	guangdong		1.0.0	1	SGMJ
50	yzmj	YZMJ	MAHJONG	mahjong:lai-zi	PROVINCE	jiangsu		1.0.0	0	YZMJ
51	sj	SJ	POKER	poker:510k	PROVINCE	jiangsu		1.0.0	0	SJ
52	bw	BW	POKER	poker:climbing	PROVINCE	jiangxi		1.0.0	1	BW
53	jnmj	JNMJ	MAHJONG	mahjong:standard	PROVINCE	shandong		1.0.0	1	JNMJ
54	jsyzmj	JSYZMJ	MAHJONG	mahjong:standard	PROVINCE	jiangsu		1.0.0	1	JSYZMJ
55	tdhmj	TDHMJ	MAHJONG	mahjong:standard	PROVINCE	hebei		1.0.0	1	TDHMJ
56	xtmj	XTMJ	MAHJONG	mahjong:standard	PROVINCE	hebei		1.0.0	0	XTMJ
57	zpmj	ZPMJ	MAHJONG	mahjong:standard	PROVINCE	fujian		1.0.0	1	ZPMJ
58	chmj	CHMJ	MAHJONG	mahjong:standard	PROVINCE	anhui		1.0.0	1	CHMJ
59	hbmj	HBMJ	MAHJONG	mahjong:standard	PROVINCE	henan		1.0.0	1	HBMJ
61	wl	WL	POKER	poker:climbing	PROVINCE	jiangxi		1.0.0	1	WL
65	bjpk	BJPK	POKER	poker:compare-hand	PROVINCE	jiangsu		1.0.0	0	BJPK
66	xlqmj	XLQMJ	MAHJONG	mahjong:standard	PROVINCE	jiangsu		1.0.0	1	XLQMJ
67	fdmj	FDMJ	MAHJONG	mahjong:standard	PROVINCE	fujian		1.0.0	1	FDMJ
68	fddz	FDDZ	POKER	poker:climbing	PROVINCE	fujian		1.0.0	1	FDDZ
69	yxls	YXLS	POKER	poker:generic-card-round	PROVINCE	jiangsu		1.0.0	1	YXLS
70	wxmj	WXMJ	MAHJONG	mahjong:standard	PROVINCE	jiangsu		1.0.0	0	WXMJ
71	jymj	JYMJ	MAHJONG	mahjong:lai-zi	PROVINCE	jiangsu		1.0.0	0	JYMJ
72	zjpls	ZJPLS	POKER	poker:generic-card-round	PROVINCE	jiangsu		1.0.0	1	ZJPLS
73	pxzzmj	PXZZMJ	MAHJONG	mahjong:lai-zi	PROVINCE	jiangxi		1.0.0	1	PXZZMJ
74	px6gt	PX6GT	POKER	poker:510k	PROVINCE	jiangxi		1.0.0	1	PX6GT
75	px3gt	PX3GT	POKER	poker:510k	PROVINCE	jiangxi		1.0.0	1	PX3GT
76	px258mj	PX258MJ	MAHJONG	mahjong:standard	PROVINCE	jiangxi		1.0.0	1	PX258MJ
77	yxtdh	YXTDH	MAHJONG	mahjong:lai-zi	PROVINCE	jiangsu		1.0.0	1	YXTDH
78	aypdk	AYPDK	POKER	poker:pao-de-kuai	PROVINCE	sichuan		1.0.0	1	AYPDK
80	aydss	AYDSS	LONG_CARD	long-card:regional	PROVINCE	sichuan		1.0.0	1	AYDSS
81	aymj	AYMJ	MAHJONG	mahjong:xue-zhan	PROVINCE	sichuan		1.0.0	1	AYMJ
82	wnmj	WNMJ	MAHJONG	mahjong:standard	PROVINCE	jiangxi		1.0.0	1	WNMJ
83	wnyh	WNYH	MAHJONG	mahjong:standard	PROVINCE	jiangxi		1.0.0	1	WNYH
84	wnpdk	WNPDK	POKER	poker:pao-de-kuai	PROVINCE	jiangxi		1.0.0	1	WNPDK
85	fqpls	FQPLS	POKER	poker:betting	PROVINCE	fujian		1.0.0	1	FQPLS
86	fqsbp	FQSBP	POKER	poker:betting	PROVINCE	fujian		1.0.0	0	FQSBP
87	dzpk	DZPK	POKER	poker:compare-hand	PROVINCE	fujian		1.0.0	0	DZPK
88	dx	DX	POKER	poker:compare-hand	PROVINCE	fujian		1.0.0	1	DX
89	hbpdk	HBPDK	POKER	poker:pao-de-kuai	PROVINCE	henan		1.0.0	1	HBPDK
90	jsxymj	JSXYMJ	MAHJONG	mahjong:tui-dao-hu	PROVINCE	jiangsu		1.0.0	0	JSXYMJ
91	pzmj	PZMJ	MAHJONG	mahjong:standard	PROVINCE	jiangsu		1.0.0	0	PZMJ
92	pxmj	PXMJ	MAHJONG	mahjong:tui-dao-hu	PROVINCE	jiangxi		1.0.0	1	PXMJ
93	jssnmj	JSSNMJ	MAHJONG	mahjong:lai-zi	PROVINCE	jiangsu		1.0.0	1	JSSNMJ
94	zjgmj	ZJGMJ	MAHJONG	mahjong:standard	PROVINCE	jiangsu		1.0.0	1	ZJGMJ
95	ksmj	KSMJ	MAHJONG	mahjong:standard	PROVINCE	jiangsu		1.0.0	1	KSMJ
96	bdyxmj	BDYXMJ	MAHJONG	mahjong:lai-zi	PROVINCE	hebei		1.0.0	1	BDYXMJ
97	hnxymj	HNXYMJ	MAHJONG	mahjong:standard	PROVINCE	henan		1.0.0	1	HNXYMJ
98	tcmj	TCMJ	MAHJONG	mahjong:lai-zi	PROVINCE	jiangsu		1.0.0	1	TCMJ
99	pbyhmj	PBYHMJ	MAHJONG	mahjong:lai-zi	PROVINCE	jiangxi		1.0.0	1	PBYHMJ
100	yhzmj	YHZMJ	MAHJONG	mahjong:lai-zi	PROVINCE	jiangxi		1.0.0	1	YHZMJ
101	pnyhmj	PNYHMJ	MAHJONG	mahjong:standard	PROVINCE	jiangxi		1.0.0	1	PNYHMJ
102	sdfjmj	SDFJMJ	MAHJONG	mahjong:lai-zi	PROVINCE	jiangxi		1.0.0	1	SDFJMJ
103	yxpdk	YXPDK	POKER	poker:pao-de-kuai	PROVINCE	jiangsu		1.0.0	1	YXPDK
104	pypp	PYPP	POKER	poker:climbing	PROVINCE	jiangxi		1.0.0	1	PYPP
105	pyzhw	PYZHW	POKER	poker:trick-taking	PROVINCE	jiangxi		1.0.0	1	PYZHW
107	zjqzmj	ZJQZMJ	MAHJONG	mahjong:lai-zi	PROVINCE	zhejiang		1.0.0	1	ZJQZMJ
109	lpts	LPTS	POKER	poker:510k	PROVINCE	jiangxi		1.0.0	0	LPTS
110	lppdk	LPPDK	POKER	poker:pao-de-kuai	PROVINCE	jiangxi		1.0.0	1	LPPDK
111	jxfzmj	JXFZMJ	MAHJONG	mahjong:standard	PROVINCE	jiangxi		1.0.0	1	JXFZMJ
112	pypdk	PYPDK	POKER	poker:pao-de-kuai	PROVINCE	jiangxi		1.0.0	1	PYPDK
113	hncsmj	HNCSMJ	MAHJONG	mahjong:standard	PROVINCE	hunan		1.0.0	0	HNCSMJ
114	dle	DLE	POKER	poker:climbing	PROVINCE	taiwan		1.0.0	1	DLE
115	pxpdk	PXPDK	POKER	poker:pao-de-kuai	PROVINCE	jiangxi		1.0.0	1	PXPDK
116	jxfzgp	JXFZGP	POKER	poker:pao-de-kuai	PROVINCE	jiangxi		1.0.0	1	JXFZGP
117	jxfzpdk	JXFZPDK	POKER	poker:pao-de-kuai	PROVINCE	jiangxi		1.0.0	1	JXFZPDK
118	zjqzsk	ZJQZSK	POKER	poker:trick-taking	PROVINCE	zhejiang		1.0.0	1	ZJQZSK
119	xhmj	XHMJ	MAHJONG	mahjong:standard	PROVINCE	jiangsu		1.0.0	1	XHMJ
120	rcwsk	RCWSK	POKER	poker:510k	PROVINCE	fujian		1.0.0	0	RCWSK
121	xhbbmj	XHBBMJ	MAHJONG	mahjong:standard	PROVINCE	jiangsu		1.0.0	1	XHBBMJ
122	twmj	TWMJ	MAHJONG	mahjong:standard	PROVINCE	taiwan		1.0.0	1	TWMJ
123	tzkzmj	TZKZMJ	MAHJONG	mahjong:standard	PROVINCE	jiangsu		1.0.0	1	TZKZMJ
124	dczbmj	DCZBMJ	MAHJONG	mahjong:lai-zi	PROVINCE	jiangxi		1.0.0	1	DCZBMJ
125	dcwdmj	DCWDMJ	MAHJONG	mahjong:lai-zi	PROVINCE	jiangxi		1.0.0	1	DCWDMJ
126	hnzzmj	HNZZMJ	MAHJONG	mahjong:standard	PROVINCE	henan		1.0.0	1	HNZZMJ
127	za13mj	ZA13MJ	MAHJONG	mahjong:standard	PROVINCE	fujian		1.0.0	1	ZA13MJ
128	za16mj	ZA16MJ	MAHJONG	mahjong:standard	PROVINCE	fujian		1.0.0	1	ZA16MJ
129	lhzp	LHZP	POKER	poker:510k	PROVINCE	jiangxi		1.0.0	0	LHZP
130	erddz	ERDDZ	POKER	poker:landlord	NATIONAL			1.0.0	1	ERDDZ
131	hnpdk	HNPDK	POKER	poker:pao-de-kuai	PROVINCE	henan		1.0.0	1	HNPDK
132	dhd	DHD	POKER	poker:generic-card-round	PROVINCE	fujian		1.0.0	1	DHD
133	tbzfbmj	TBZFBMJ	MAHJONG	mahjong:standard	PROVINCE	henan		1.0.0	1	TBZFBMJ
134	nykwxmj	NYKWXMJ	MAHJONG	mahjong:standard	PROVINCE	henan		1.0.0	1	NYKWXMJ
135	lzmj	LZMJ	MAHJONG	mahjong:lai-zi	PROVINCE	guangxi		1.0.0	1	LZMJ
136	byzp	BYZP	WORD_CARD	word-card:pao-hu-zi	PROVINCE	guangxi		1.0.0	1	BYZP
137	lbmj	LBMJ	MAHJONG	mahjong:standard	PROVINCE	guangxi		1.0.0	0	LBMJ
138	aycp	AYCP	LONG_CARD	long-card:regional	PROVINCE	sichuan		1.0.0	0	AYCP
139	fjyxmj	FJYXMJ	MAHJONG	mahjong:standard	PROVINCE	fujian		1.0.0	1	FJYXMJ
140	dcts	DCTS	POKER	poker:510k	PROVINCE	jiangxi		1.0.0	0	DCTS
141	ctwsk	CTWSK	POKER	poker:510k	PROVINCE	fujian		1.0.0	0	CTWSK
142	sdlymj	SDLYMJ	MAHJONG	mahjong:standard	PROVINCE	shandong		1.0.0	0	SDLYMJ
143	zass	ZASS	MAHJONG	mahjong:standard	PROVINCE	fujian		1.0.0	0	ZASS
144	czmj	CZMJ	MAHJONG	mahjong:standard	PROVINCE	hubei		1.0.0	0	CZMJ
145	rcmj	RCMJ	MAHJONG	mahjong:standard	PROVINCE	jiangxi		1.0.0	0	RCMJ
146	xgkwxmj	XGKWXMJ	MAHJONG	mahjong:standard	PROVINCE	hubei		1.0.0	0	XGKWXMJ
147	hnxcmj	HNXCMJ	MAHJONG	mahjong:standard	PROVINCE	henan		1.0.0	0	HNXCMJ
148	hnpdsmj	HNPDSMJ	MAHJONG	mahjong:lai-zi	PROVINCE	henan		1.0.0	0	HNPDSMJ
149	rqmj	RQMJ	MAHJONG	mahjong:standard	PROVINCE	hubei		1.0.0	0	RQMJ
150	yzpdk	YZPDK	POKER	poker:pao-de-kuai	PROVINCE	jiangsu		1.0.0	0	YZPDK
151	xplp	XPLP	MAHJONG	mahjong:standard	PROVINCE	hunan		1.0.0	0	XPLP
152	hhhgw	HHHGW	MAHJONG	mahjong:standard	PROVINCE	hunan		1.0.0	0	HHHGW
153	xpphz	XPPHZ	WORD_CARD	word-card:pao-hu-zi	PROVINCE	hunan		1.0.0	0	XPPHZ
154	hzwmj	HZWMJ	MAHJONG	mahjong:lai-zi	PROVINCE	hunan		1.0.0	0	HZWMJ
155	rcwsk3	RCWSK3	POKER	poker:climbing	PROVINCE	fujian		1.0.0	0	RCWSK3
156	jdzmj	JDZMJ	MAHJONG	mahjong:standard	PROVINCE	jiangxi		1.0.0	0	JDZMJ
157	htmj	HTMJ	MAHJONG	mahjong:standard	PROVINCE	hunan		1.0.0	0	HTMJ
158	jdzts	JDZTS	POKER	poker:510k	PROVINCE	jiangxi		1.0.0	0	JDZTS
159	lbhzmj	LBHZMJ	MAHJONG	mahjong:standard	PROVINCE	guangxi		1.0.0	0	LBHZMJ
160	thgjmj	THGJMJ	MAHJONG	mahjong:lai-zi	PROVINCE	jiangxi		1.0.0	0	THGJMJ
161	hnjymj	HNJYMJ	MAHJONG	mahjong:standard	PROVINCE	henan		1.0.0	0	HNJYMJ
162	jdzpdk	JDZPDK	POKER	poker:pao-de-kuai	PROVINCE	jiangxi		1.0.0	0	JDZPDK
163	jsycmj	JSYCMJ	MAHJONG	mahjong:standard	PROVINCE	jiangsu		1.0.0	0	JSYCMJ
164	jssqmj	JSSQMJ	MAHJONG	mahjong:standard	PROVINCE	jiangsu		1.0.0	0	JSSQMJ
165	jshamj	JSHAMJ	MAHJONG	mahjong:standard	PROVINCE	jiangsu		1.0.0	0	JSHAMJ
166	jsczmj	JSCZMJ	MAHJONG	mahjong:lai-zi	PROVINCE	jiangsu		1.0.0	0	JSCZMJ
167	lygmj	LYGMJ	MAHJONG	mahjong:standard	PROVINCE	jiangsu		1.0.0	0	LYGMJ
168	jsgymj	JSGYMJ	MAHJONG	mahjong:lai-zi	PROVINCE	jiangsu		1.0.0	0	JSGYMJ
169	hnjzmj	HNJZMJ	MAHJONG	mahjong:standard	PROVINCE	hunan		1.0.0	0	HNJZMJ
170	hhpdk	HHPDK	POKER	poker:pao-de-kuai	PROVINCE	hunan		1.0.0	0	HHPDK
171	xzmj	XZMJ	MAHJONG	mahjong:lai-zi	PROVINCE	jiangsu		1.0.0	0	XZMJ
172	gymj	GYMJ	MAHJONG	mahjong:tui-dao-hu	PROVINCE	jiangsu		1.0.0	0	GYMJ
173	kfmj	KFMJ	MAHJONG	mahjong:standard	PROVINCE	henan		1.0.0	0	KFMJ
174	pymj	PYMJ	MAHJONG	mahjong:standard	PROVINCE	henan		1.0.0	0	PYMJ
175	ahmj	AHMJ	MAHJONG	mahjong:standard	PROVINCE	hunan		1.0.0	0	AHMJ
176	ahphz	AHPHZ	WORD_CARD	word-card:pao-hu-zi	PROVINCE	hunan		1.0.0	0	AHPHZ
177	xxmj	XXMJ	MAHJONG	mahjong:tui-dao-hu	PROVINCE	henan		1.0.0	0	XXMJ
178	hnaymj	HNAYMJ	MAHJONG	mahjong:lai-zi	PROVINCE	henan		1.0.0	0	HNAYMJ
179	gamj	GAMJ	MAHJONG	mahjong:standard	PROVINCE	jiangxi		1.0.0	0	GAMJ
180	ncmj	NCMJ	MAHJONG	mahjong:lai-zi	PROVINCE	jiangxi		1.0.0	0	NCMJ
181	sqmj	SQMJ	MAHJONG	mahjong:lai-zi	PROVINCE	henan		1.0.0	0	SQMJ
182	zkmj	ZKMJ	MAHJONG	mahjong:standard	PROVINCE	henan		1.0.0	0	ZKMJ
183	jxxymj	JXXYMJ	MAHJONG	mahjong:standard	PROVINCE	jiangxi		1.0.0	0	JXXYMJ
184	tgmj	TGMJ	MAHJONG	mahjong:tui-dao-hu	PROVINCE	jiangxi		1.0.0	0	TGMJ
185	hnhbmj	HNHBMJ	MAHJONG	mahjong:lai-zi	PROVINCE	henan		1.0.0	0	HNHBMJ
186	lhmj	LHMJ	MAHJONG	mahjong:standard	PROVINCE	henan		1.0.0	0	LHMJ
187	jamj	JAMJ	MAHJONG	mahjong:lai-zi	PROVINCE	jiangxi		1.0.0	0	JAMJ
188	jjmj	JJMJ	MAHJONG	mahjong:standard	PROVINCE	jiangxi		1.0.0	0	JJMJ
189	bzmj	BZMJ	MAHJONG	mahjong:standard	PROVINCE	anhui		1.0.0	0	BZMJ
190	ccmj	CCMJ	MAHJONG	mahjong:standard	PROVINCE	jilin		1.0.0	0	CCMJ
191	rcwsk6	RCWSK6	POKER	poker:510k	PROVINCE	fujian		1.0.0	0	RCWSK6
192	ljwsk4	LJWSK4	POKER	poker:510k	PROVINCE	fujian		1.0.0	0	LJWSK4
193	jlmj	JLMJ	MAHJONG	mahjong:standard	PROVINCE	jilin		1.0.0	0	JLMJ
194	fymj	FYMJ	MAHJONG	mahjong:standard	PROVINCE	shanxi		1.0.0	0	FYMJ
195	bzqzmj	BZQZMJ	MAHJONG	mahjong:standard	PROVINCE	anhui		1.0.0	0	BZQZMJ
196	hstdhmj	HSTDHMJ	MAHJONG	mahjong:tui-dao-hu	PROVINCE	hubei		1.0.0	1	HSTDHMJ
197	zjhzmj	ZJHZMJ	MAHJONG	mahjong:standard	PROVINCE	zhejiang		1.0.0	0	ZJHZMJ
198	fyddzmj	FYDDZMJ	MAHJONG	mahjong:standard	PROVINCE	shanxi		1.0.0	0	FYDDZMJ
199	pcmj	PCMJ	MAHJONG	mahjong:lai-zi	PROVINCE	fujian		1.0.0	0	PCMJ
200	xjlshmj	XJLSHMJ	MAHJONG	mahjong:xue-liu	PROVINCE	xinjiang		1.0.0	0	XJLSHMJ
201	demomj	DEMOMJ	MAHJONG	mahjong:xue-zhan	NATIONAL			1.0.0	0	DEMOMJ
202	njmj	NJMJ	MAHJONG	mahjong:standard	PROVINCE	jiangsu		1.0.0	0	NJMJ
203	xjxzmj	XJXZMJ	MAHJONG	mahjong:xue-liu	PROVINCE	xinjiang		1.0.0	0	XJXZMJ
204	ysmj	YSMJ	MAHJONG	mahjong:standard	PROVINCE	anhui		1.0.0	0	YSMJ
205	zzph	ZZPH	MAHJONG	mahjong:standard	PROVINCE	hunan		1.0.0	0	ZZPH
206	zznsb	ZZNSB	POKER	poker:510k	PROVINCE	hunan		1.0.0	0	ZZNSB
208	lxmj	LXMJ	MAHJONG	mahjong:standard	PROVINCE	gansu		1.0.0	0	LXMJ
209	yzyzmj	YZYZMJ	MAHJONG	mahjong:standard	PROVINCE	jiangsu		1.0.0	0	YZYZMJ
210	zgcp	ZGCP	LONG_CARD	long-card:regional	PROVINCE	sichuan		1.0.0	0	ZGCP
211	zgdss	ZGDSS	LONG_CARD	long-card:regional	PROVINCE	sichuan		1.0.0	0	ZGDSS
212	gdmj	GDMJ	MAHJONG	mahjong:standard	PROVINCE	guangdong		1.0.0	0	GDMJ
213	cxmj	CXMJ	MAHJONG	mahjong:standard	PROVINCE	hunan		1.0.0	0	CXMJ
214	sdh	SDH	POKER	poker:climbing	PROVINCE	hunan		1.0.0	0	SDH
215	zgmj	ZGMJ	MAHJONG	mahjong:standard	PROVINCE	zichuan		1.0.0	0	ZGMJ
216	jcmj	JCMJ	MAHJONG	mahjong:lai-zi	PROVINCE	gansu		1.0.0	0	JCMJ
217	lslwzmj	LSLWZMJ	MAHJONG	mahjong:lai-zi	PROVINCE	henan		1.0.0	0	LSLWZMJ
218	ls13579	LS13579	MAHJONG	mahjong:standard	PROVINCE	henan		1.0.0	0	LS13579
219	lskjjmj	LSKJJMJ	MAHJONG	mahjong:standard	PROVINCE	henan		1.0.0	0	LSKJJMJ
220	zjshzmj	ZJSHZMJ	MAHJONG	mahjong:standard	PROVINCE	zhejiang		1.0.0	0	ZJSHZMJ
221	nxkwmj	NXKWMJ	MAHJONG	mahjong:lai-zi	PROVINCE	hunan		1.0.0	0	NXKWMJ
222	hbtdhmj	HBTDHMJ	MAHJONG	mahjong:tui-dao-hu	PROVINCE	hebei		1.0.0	0	HBTDHMJ
223	hbhbmj	HBHBMJ	MAHJONG	mahjong:standard	PROVINCE	hebei		1.0.0	0	HBHBMJ
224	gsjmj	GSJMJ	MAHJONG	mahjong:tui-dao-hu	PROVINCE	hebei		1.0.0	0	GSJMJ
225	njlhmj	NJLHMJ	MAHJONG	mahjong:standard	PROVINCE	jiangsu		1.0.0	0	NJLHMJ
226	zjwzmj	ZJWZMJ	MAHJONG	mahjong:standard	PROVINCE	zhejiang		1.0.0	0	ZJWZMJ
227	szmj	SZMJ	MAHJONG	mahjong:lai-zi	PROVINCE	jiangsu		1.0.0	0	SZMJ
228	srddz	SRDDZ	POKER	poker:landlord	PROVINCE	fujiang		1.0.0	0	SRDDZ
229	fxmj	FXMJ	MAHJONG	mahjong:standard	PROVINCE	liaoning		1.0.0	0	FXMJ
230	lsmj	LSMJ	MAHJONG	mahjong:standard	PROVINCE	jiangsu		1.0.0	0	LSMJ
231	yzgymj	YZGYMJ	MAHJONG	mahjong:lai-zi	PROVINCE	jiangsu		1.0.0	0	YZGYMJ
232	sqsymj	SQSYMJ	MAHJONG	mahjong:lai-zi	PROVINCE	jiangsu		1.0.0	0	SQSYMJ
233	aqmj	AQMJ	MAHJONG	mahjong:standard	PROVINCE	anhui		1.0.0	0	AQMJ
234	jdmj	JDMJ	MAHJONG	mahjong:lai-zi	PROVINCE	jiangsu		1.0.0	0	JDMJ
235	whmj	WHMJ	MAHJONG	mahjong:standard	PROVINCE	anhui		1.0.0	0	WHMJ
236	nbmj	NBMJ	MAHJONG	mahjong:lai-zi	PROVINCE	zhejiang		1.0.0	0	NBMJ
237	jxmj	JXMJ	MAHJONG	mahjong:lai-zi	PROVINCE	zhejiang		1.0.0	0	JXMJ
238	caooszmj	CaooSZMJ	MAHJONG	UNCLASSIFIED_MISSING_SOURCE	PROVINCE	chongqing		1.0.0	0	CaooSZMJ
239	xgpdk	XGPDK	POKER	poker:pao-de-kuai	PROVINCE	hubei		1.0.0	0	XGPDK
240	jchhmj	JCHHMJ	MAHJONG	mahjong:standard	PROVINCE	hubei		1.0.0	0	JCHHMJ
241	lcmj	LCMJ	MAHJONG	mahjong:standard	PROVINCE	jiangxi		1.0.0	0	LCMJ
242	qzcsmj	QZCSMJ	MAHJONG	mahjong:lai-zi	PROVINCE	zhejiang		1.0.0	0	QZCSMJ
243	qzkhmj	QZKHMJ	MAHJONG	mahjong:lai-zi	PROVINCE	zhejiang		1.0.0	0	QZKHMJ
244	ygwsk	YGWSK	POKER	poker:510k	PROVINCE	jiangxi		1.0.0	0	YGWSK
245	ygjzmj	YGJZMJ	MAHJONG	mahjong:standard	PROVINCE	jiangxi		1.0.0	0	YGJZMJ
246	tmhhmj	TMHHMJ	MAHJONG	mahjong:lai-zi	PROVINCE	hubei		1.0.0	0	TMHHMJ
247	jstdhmj	JSTDHMJ	MAHJONG	mahjong:tui-dao-hu	PROVINCE	hebei		1.0.0	0	JSTDHMJ
248	sxhtmj	SXHTMJ	MAHJONG	mahjong:lai-zi	PROVINCE	shanxi		1.0.0	0	SXHTMJ
249	yszmj	YSZMJ	MAHJONG	mahjong:standard	PROVINCE	shanxi		1.0.0	0	YSZMJ
250	dlaoomj	DLaooMJ	MAHJONG	UNCLASSIFIED_MISSING_SOURCE	PROVINCE	liaoning		1.0.0	0	DLaooMJ
251	yxbzmj	YXBZMJ	MAHJONG	mahjong:standard	PROVINCE	shanxi		1.0.0	0	YXBZMJ
252	yctjmj	YCTJMJ	MAHJONG	mahjong:lai-zi	PROVINCE	shanxi		1.0.0	0	YCTJMJ
253	yldgzmj	YLDGZMJ	MAHJONG	mahjong:standard	PROVINCE	shanxisheng		1.0.0	0	YLDGZMJ
254	hbwhmj	HBWHMJ	MAHJONG	mahjong:lai-zi	PROVINCE	hubei		1.0.0	0	HBWHMJ
255	ak159mj	AK159MJ	MAHJONG	mahjong:lai-zi	PROVINCE	shanxisheng		1.0.0	0	AK159MJ
256	jsnyzmj	JSNYZMJ	MAHJONG	mahjong:lai-zi	PROVINCE	shanxi		1.0.0	0	JSNYZMJ
257	gyzjmj	GYZJMJ	MAHJONG	mahjong:lai-zi	PROVINCE	guizhou		1.0.0	0	GYZJMJ
258	dtlgfmj	DTLGFMJ	MAHJONG	mahjong:standard	PROVINCE	shanxi		1.0.0	0	DTLGFMJ
259	shqmmj	SHQMMJ	MAHJONG	mahjong:lai-zi	PROVINCE	shanghai		1.0.0	0	SHQMMJ
260	hnmj	HNMJ	MAHJONG	mahjong:lai-zi	PROVINCE	hainan		1.0.0	0	HNMJ
261	dd	DD	POKER	poker:510k	PROVINCE	jiangxi		1.0.0	0	DD
262	lpsmj	LPSMJ	MAHJONG	mahjong:standard	PROVINCE	guizhou		1.0.0	0	LPSMJ
263	dkgmj	DKGMJ	MAHJONG	mahjong:xue-zhan	PROVINCE	sichuan		1.0.0	0	DKGMJ
264	sxlsmj	SXLSMJ	MAHJONG	mahjong:lai-zi	PROVINCE	shanxi		1.0.0	0	SXLSMJ
265	dzmj	DZMJ	MAHJONG	mahjong:standard	PROVINCE	fujian		1.0.0	0	DZMJ
266	xl2vs2mj	XL2VS2MJ	MAHJONG	mahjong:xue-liu	PROVINCE	sichuan		1.0.0	0	XL2VS2MJ
267	hndzp	HNDZP	POKER	poker:landlord	PROVINCE	hainan		1.0.0	0	HNDZP
268	ygpdk	YGPDK	POKER	poker:pao-de-kuai	PROVINCE	jiangxi		1.0.0	0	YGPDK
269	llfymj	LLFYMJ	MAHJONG	mahjong:standard	PROVINCE	shanxisheng		1.0.0	0	LLFYMJ
270	jmgghmj	JMGGHMJ	MAHJONG	mahjong:lai-zi	PROVINCE	guangdong		1.0.0	0	JMGGHMJ
271	mmmj	MMMJ	MAHJONG	mahjong:lai-zi	PROVINCE	guangdong		1.0.0	0	MMMJ
272	masmj	MASMJ	MAHJONG	mahjong:standard	PROVINCE	anhui		1.0.0	0	MASMJ
273	ahhnmj	AHHNMJ	MAHJONG	mahjong:standard	PROVINCE	anhui		1.0.0	0	AHHNMJ
274	yjmj	YJMJ	MAHJONG	mahjong:lai-zi	PROVINCE	guangdong		1.0.0	0	YJMJ
275	hfmj	HFMJ	MAHJONG	mahjong:standard	PROVINCE	anhui		1.0.0	0	HFMJ
276	gzmj	GZMJ	MAHJONG	mahjong:lai-zi	PROVINCE	jiangxi		1.0.0	0	GZMJ
277	swmj	SWMJ	MAHJONG	mahjong:lai-zi	PROVINCE	guangdong		1.0.0	0	SWMJ
278	gdjymj	GDJYMJ	MAHJONG	mahjong:standard	PROVINCE	guangdong		1.0.0	0	GDJYMJ
279	gnmj	GNMJ	MAHJONG	mahjong:lai-zi	PROVINCE	jiangxi		1.0.0	0	GNMJ
280	xfgzmj	XFGZMJ	MAHJONG	mahjong:standard	PROVINCE	jiangxi		1.0.0	0	XFGZMJ
281	jxndmj	JXNDMJ	MAHJONG	mahjong:standard	PROVINCE	jiangxi		1.0.0	0	JXNDMJ
282	bp	BP	POKER	poker:510k	PROVINCE	jiangxi		1.0.0	0	BP
283	gzth	GZTH	POKER	poker:510k	PROVINCE	jiangxi		1.0.0	0	GZTH
284	rjmj	RJMJ	MAHJONG	mahjong:lai-zi	PROVINCE	jiangxi		1.0.0	0	RJMJ
285	yddgmj	YDDGMJ	MAHJONG	mahjong:lai-zi	PROVINCE	jiangxi		1.0.0	0	YDDGMJ
286	nkbhmj	NKBHMJ	MAHJONG	mahjong:standard	PROVINCE	jiangxi		1.0.0	0	NKBHMJ
287	fcmj	FCMJ	MAHJONG	mahjong:lai-zi	PROVINCE	jiangxi		1.0.0	0	FCMJ
288	dnmj	DNMJ	MAHJONG	mahjong:standard	PROVINCE	jiangxi		1.0.0	0	DNMJ
289	lnmj	LNMJ	MAHJONG	mahjong:lai-zi	PROVINCE	jiangxi		1.0.0	0	LNMJ
290	scmj	SCMJ	MAHJONG	mahjong:standard	PROVINCE	jiangxi		1.0.0	0	SCMJ
292	fzjxmj	FZJXMJ	MAHJONG	mahjong:standard	PROVINCE	jiangxi		1.0.0	0	FZJXMJ
293	fzgcmj	FZGCMJ	MAHJONG	mahjong:lai-zi	PROVINCE	jiangxi		1.0.0	0	FZGCMJ
294	gcbgmj	GCBGMJ	MAHJONG	mahjong:lai-zi	PROVINCE	jiangxi		1.0.0	0	GCBGMJ
295	ytyjmj	YTYJMJ	MAHJONG	mahjong:lai-zi	PROVINCE	jiangxi		1.0.0	0	YTYJMJ
296	xhzmj	XHZMJ	MAHJONG	mahjong:standard	NATIONAL			1.0.0	0	XHZMJ
297	qymj	QYMJ	MAHJONG	mahjong:standard	PROVINCE	henan		1.0.0	0	QYMJ
298	lkmj	LKMJ	MAHJONG	mahjong:standard	PROVINCE	jiangxi		1.0.0	0	LKMJ
299	xxfqmj	XXFQMJ	MAHJONG	mahjong:standard	PROVINCE	jiangxi		1.0.0	0	XXFQMJ
300	jzmj	JZMJ	MAHJONG	mahjong:standard	PROVINCE	henan		1.0.0	0	JZMJ
301	lamj	LAMJ	MAHJONG	mahjong:standard	PROVINCE	jiangxi		1.0.0	0	LAMJ
302	glzp	GLZP	WORD_CARD	word-card:pao-hu-zi	PROVINCE	guangxi		1.0.0	0	GLZP
303	jmskmj	JMSKMJ	MAHJONG	mahjong:lai-zi	PROVINCE	hubei		1.0.0	0	JMSKMJ
304	lygcmj	LYGCMJ	MAHJONG	mahjong:standard	PROVINCE	henan		1.0.0	0	LYGCMJ
305	gxcdd	GXCDD	POKER	poker:510k	PROVINCE	guangxi		1.0.0	0	GXCDD
306	bzpdk	BZPDK	POKER	poker:pao-de-kuai	PROVINCE	anhui		1.0.0	0	BZPDK
307	bztdh	BZTDH	MAHJONG	mahjong:standard	PROVINCE	anhui		1.0.0	0	BZTDH
308	mzmj	MZMJ	MAHJONG	mahjong:standard	PROVINCE	henan		1.0.0	0	MZMJ
309	a3pk	A3PK	POKER	poker:510k	PROVINCE	guangxi		1.0.0	0	A3PK
310	lkwsk	LKWSK	POKER	poker:510k	PROVINCE	henan		1.0.0	0	LKWSK
311	xyxmj	XYXMJ	MAHJONG	mahjong:standard	PROVINCE	fujian		1.0.0	0	XYXMJ
312	dxbjmj	DXBJMJ	MAHJONG	mahjong:standard	PROVINCE	jiangxi		1.0.0	0	DXBJMJ
313	gxmj	GXMJ	MAHJONG	mahjong:lai-zi	PROVINCE	jiangxi		1.0.0	0	GXMJ
314	txmj	TXMJ	MAHJONG	mahjong:standard	PROVINCE	henan		1.0.0	0	TXMJ
315	sxmmj	SXMMJ	MAHJONG	mahjong:standard	PROVINCE	henan		1.0.0	0	SXMMJ
316	zklymj	ZKLYMJ	MAHJONG	mahjong:standard	PROVINCE	henan		1.0.0	0	ZKLYMJ
317	xsy	XSY	POKER	poker:pao-de-kuai	PROVINCE	guangxi		1.0.0	0	XSY
318	zmdmj	ZMDMJ	MAHJONG	mahjong:lai-zi	PROVINCE	henan		1.0.0	0	ZMDMJ
319	glpp	GLPP	POKER	poker:510k	PROVINCE	guangxi		1.0.0	0	GLPP
320	xyscmj	XYSCMJ	MAHJONG	mahjong:standard	PROVINCE	henan		1.0.0	0	XYSCMJ
321	zxmj	ZXMJ	MAHJONG	mahjong:lai-zi	PROVINCE	hubei		1.0.0	0	ZXMJ
322	gsmj	GSMJ	MAHJONG	mahjong:standard	PROVINCE	henan		1.0.0	0	GSMJ
323	xygsmj	XYGSMJ	MAHJONG	mahjong:standard	PROVINCE	henan		1.0.0	0	XYGSMJ
324	pdsyxmj	PDSYXMJ	MAHJONG	mahjong:standard	PROVINCE	henan		1.0.0	0	PDSYXMJ
325	dzsjzmj	DZSJZMJ	MAHJONG	mahjong:standard	PROVINCE	henan		1.0.0	0	DZSJZMJ
326	yxddz	YXDDZ	POKER	poker:landlord	PROVINCE	henan		1.0.0	0	YXDDZ
327	yxsrddz	YXSRDDZ	POKER	poker:landlord	PROVINCE	henan		1.0.0	0	YXSRDDZ
328	nzmj	NZMJ	MAHJONG	mahjong:standard	PROVINCE	henan		1.0.0	0	NZMJ
329	gspdk	GSPDK	POKER	poker:trick-taking	PROVINCE	henan		1.0.0	0	GSPDK
330	wgfhmj	WGFHMJ	MAHJONG	mahjong:standard	PROVINCE	henan		1.0.0	0	WGFHMJ
331	xyxxmj	XYXXMJ	MAHJONG	mahjong:lai-zi	PROVINCE	henan		1.0.0	0	XYXXMJ
332	xyxxpdk	XYXXPDK	POKER	poker:pao-de-kuai	PROVINCE	henan		1.0.0	0	XYXXPDK
333	xxtdhmj	XXTDHMJ	MAHJONG	mahjong:standard	PROVINCE	henan		1.0.0	0	XXTDHMJ
334	gsddz	GSDDZ	POKER	poker:landlord	PROVINCE	henan		1.0.0	0	GSDDZ
335	rgjamj	RGJAMJ	MAHJONG	mahjong:xue-zhan	PROVINCE	sichuan		1.0.0	1	RGJAMJ
336	nzwsk	NZWSK	POKER	poker:510k	PROVINCE	henan		1.0.0	0	NZWSK
337	nythmj	NYTHMJ	MAHJONG	mahjong:standard	PROVINCE	henan		1.0.0	0	NYTHMJ
338	thjgl	THJGL	POKER	poker:landlord	PROVINCE	henan		1.0.0	0	THJGL
339	sspmj	SSPMJ	MAHJONG	mahjong:standard	PROVINCE	fujian		1.0.0	0	SSPMJ
340	glqzmj	GLQZMJ	MAHJONG	mahjong:standard	PROVINCE	guangxi		1.0.0	0	GLQZMJ
341	xyhcmj	XYHCMJ	MAHJONG	mahjong:lai-zi	PROVINCE	henan		1.0.0	0	XYHCMJ
342	yzchz	YZCHZ	WORD_CARD	word-card:pao-hu-zi	CITY	hunan	yongzhou	1.0.0	0	YZCHZ
343	gft258mj	GFT258MJ	MAHJONG	mahjong:standard	PROVINCE	henan		1.0.0	0	GFT258MJ
345	yymj	YYMJ	MAHJONG	mahjong:standard	PROVINCE	hunan		1.0.0	0	YYMJ
347	glwsk	GLWSK	POKER	poker:510k	PROVINCE	guangxi		1.0.0	0	GLWSK
348	fctdhmj	FCTDHMJ	MAHJONG	mahjong:standard	PROVINCE	henan		1.0.0	0	FCTDHMJ
349	glsdh	GLSDH	POKER	poker:510k	PROVINCE	guangxi		1.0.0	0	GLSDH
350	xtlhmj	XTLHMJ	MAHJONG	mahjong:lai-zi	PROVINCE	hubei		1.0.0	0	XTLHMJ
351	yhmj	YHMJ	MAHJONG	mahjong:standard	PROVINCE	jiangxi		1.0.0	0	YHMJ
352	hzjdmj	HZJDMJ	MAHJONG	mahjong:standard	PROVINCE	zhejiang		1.0.0	0	HZJDMJ
353	xsmj	XSMJ	MAHJONG	mahjong:lai-zi	PROVINCE	zhejiang		1.0.0	0	XSMJ
354	tjmj	TJMJ	MAHJONG	mahjong:lai-zi	PROVINCE	hunan		1.0.0	0	TJMJ
355	qjfxjmj	QJFXJMJ	MAHJONG	mahjong:standard	PROVINCE	zhejiang		1.0.0	0	QJFXJMJ
356	hnyjmj	HNYJMJ	MAHJONG	mahjong:lai-zi	PROVINCE	hunan		1.0.0	0	HNYJMJ
357	yjnxmj	YJNXMJ	MAHJONG	mahjong:standard	PROVINCE	hunan		1.0.0	0	YJNXMJ
358	sdjnmj	SDJNMJ	MAHJONG	mahjong:standard	PROVINCE	shandong		1.0.0	0	SDJNMJ
359	hnsymj	HNSYMJ	MAHJONG	mahjong:lai-zi	PROVINCE	hunan		1.0.0	0	HNSYMJ
360	gslzmj	GSLZMJ	MAHJONG	mahjong:standard	PROVINCE	gansu		1.0.0	0	GSLZMJ
361	xnmj	XNMJ	MAHJONG	mahjong:lai-zi	PROVINCE	hunan		1.0.0	0	XNMJ
362	hylymj	HYLYMJ	MAHJONG	mahjong:lai-zi	PROVINCE	hunan		1.0.0	0	HYLYMJ
363	tjtjmj	TJTJMJ	MAHJONG	mahjong:lai-zi	PROVINCE	tianjin		1.0.0	0	TJTJMJ
364	bamj	BAMJ	MAHJONG	mahjong:lai-zi	PROVINCE	henan		1.0.0	0	BAMJ
365	nmgyzmj	NMGYZMJ	MAHJONG	mahjong:tui-dao-hu	PROVINCE	neimenggu		1.0.0	0	NMGYZMJ
366	jzwzmj	JZWZMJ	MAHJONG	mahjong:xue-liu	PROVINCE	henan		1.0.0	0	JZWZMJ
367	jcahmj	JCAHMJ	MAHJONG	mahjong:standard	PROVINCE	hubei		1.0.0	0	JCAHMJ
368	sgew	SGEW	MAHJONG	mahjong:lai-zi	PROVINCE	sichuan		1.0.0	0	SGEW
369	lfphmj	LFPHMJ	MAHJONG	mahjong:standard	PROVINCE	sichuan		1.0.0	0	LFPHMJ
370	rxew	RXEW	MAHJONG	mahjong:lai-zi	PROVINCE	sichuan		1.0.0	0	RXEW
371	sfphmj	SFPHMJ	MAHJONG	mahjong:standard	PROVINCE	sichuan		1.0.0	0	SFPHMJ
372	zcmj	ZCMJ	MAHJONG	mahjong:lai-zi	PROVINCE	henan		1.0.0	0	ZCMJ
373	hyhsmj	HYHSMJ	MAHJONG	mahjong:standard	PROVINCE	hunan		1.0.0	0	HYHSMJ
374	zgqzmj	ZGQZMJ	MAHJONG	mahjong:lai-zi	PROVINCE	sichuan		1.0.0	0	ZGQZMJ
375	mymj	MYMJ	MAHJONG	mahjong:standard	PROVINCE	sichuan		1.0.0	0	MYMJ
376	sd	SD	POKER	poker:climbing	PROVINCE	shanxisheng		1.0.0	0	SD
377	ahhbmj	AHHBMJ	MAHJONG	mahjong:standard	PROVINCE	anhui		1.0.0	0	AHHBMJ
378	jsmj	JSMJ	MAHJONG	mahjong:lai-zi	PROVINCE	jiangxi		1.0.0	0	JSMJ
379	gz	GZ	POKER	poker:510k	PROVINCE	jiangxi		1.0.0	0	GZ
380	hcpdk	HCPDK	POKER	poker:trick-taking	PROVINCE	henan		1.0.0	0	HCPDK
381	jawz	JAWZ	POKER	poker:510k	PROVINCE	jiangxi		1.0.0	0	JAWZ
382	nyxxmj	NYXXMJ	MAHJONG	mahjong:standard	PROVINCE	henan		1.0.0	0	NYXXMJ
383	pdslsmj	PDSLSMJ	MAHJONG	mahjong:standard	PROVINCE	henan		1.0.0	0	PDSLSMJ
384	rzmj	RZMJ	MAHJONG	mahjong:standard	PROVINCE	henan		1.0.0	0	RZMJ
385	fczha	FCZHA	POKER	poker:510k	PROVINCE	henan		1.0.0	0	FCZHA
386	nxmj	NXMJ	MAHJONG	mahjong:tui-dao-hu	PROVINCE	henna		1.0.0	0	NXMJ
387	bfmj	BFMJ	MAHJONG	mahjong:lai-zi	PROVINCE	henan		1.0.0	0	BFMJ
388	pdsjxmj	PDSJXMJ	MAHJONG	mahjong:standard	PROVINCE	henan		1.0.0	0	PDSJXMJ
389	zd	ZD	POKER	poker:510k	PROVINCE	jiangsu		1.0.0	0	ZD
390	stmj	STMJ	MAHJONG	mahjong:standard	PROVINCE	anhui		1.0.0	0	STMJ
391	czdzmj	CZDZMJ	MAHJONG	mahjong:standard	PROVINCE	anhui		1.0.0	0	CZDZMJ
392	cp	CP	POKER	poker:compare-hand	PROVINCE	chongqing		1.0.0	0	CP
393	qyphmj	QYPHMJ	MAHJONG	mahjong:standard	PROVINCE	anhui		1.0.0	0	QYPHMJ
394	cqcp	CQCP	POKER	poker:510k	PROVINCE	chongqing		1.0.0	0	CQCP
395	tbhmj	TBHMJ	MAHJONG	mahjong:standard	PROVINCE	jiangxi		1.0.0	0	TBHMJ
396	hfbzmj	HFBZMJ	MAHJONG	mahjong:standard	PROVINCE	anhui		1.0.0	0	HFBZMJ
397	czczmj	CZCZMJ	MAHJONG	mahjong:lai-zi	PROVINCE	anhui		1.0.0	0	CZCZMJ
398	dtmj	DTMJ	MAHJONG	mahjong:lai-zi	PROVINCE	jiangsu		1.0.0	1	DTMJ
399	cylymj	CYLYMJ	MAHJONG	mahjong:lai-zi	PROVINCE	liaoning		1.0.0	0	CYLYMJ
400	afmj	AFMJ	MAHJONG	mahjong:lai-zi	PROVINCE	jiangxi		1.0.0	0	AFMJ
401	scpk	SCPK	POKER	poker:510k	PROVINCE	liaoning		1.0.0	0	SCPK
402	ststmj	STSTMJ	MAHJONG	mahjong:standard	PROVINCE	yunnan		1.0.0	0	STSTMJ
403	gdczmj	GDCZMJ	MAHJONG	mahjong:standard	PROVINCE	guangdong		1.0.0	0	GDCZMJ
404	ycsdr	YCSDR	WORD_CARD	word-card:pao-hu-zi	PROVINCE	hubei		1.0.0	1	YCSDR
405	thkb	THKB	POKER	poker:pao-de-kuai	PROVINCE	jiangxi		1.0.0	0	THKB
406	tsdg	TSDG	POKER	poker:510k	PROVINCE	hubei		1.0.0	0	TSDG
407	ychp	YCHP	WORD_CARD	word-card:pao-hu-zi	PROVINCE	hubei		1.0.0	1	YCHP
408	asmj	ASMJ	MAHJONG	mahjong:lai-zi	PROVINCE	guizhou		1.0.0	0	ASMJ
409	sdb	SDB	POKER	poker:betting	PROVINCE	guizhou		1.0.0	1	SDB
410	sqycmj	SQYCMJ	MAHJONG	mahjong:lai-zi	PROVINCE	henan		1.0.0	0	SQYCMJ
411	qcdg	QCDG	POKER	poker:510k	PROVINCE	hubei		1.0.0	0	QCDG
412	yfcgmj	YFCGMJ	MAHJONG	mahjong:lai-zi	PROVINCE	jiangxi		1.0.0	1	YFCGMJ
413	qbsk	QBSK	POKER	poker:510k	PROVINCE	zhejiang		1.0.0	1	QBSK
414	phmj	PHMJ	MAHJONG	mahjong:lai-zi	PROVINCE	fujian		1.0.0	1	PHMJ
415	ctpk	CTPK	POKER	poker:climbing	PROVINCE	yunnan		1.0.0	1	CTPK
416	gjmj	GJMJ	MAHJONG	mahjong:lai-zi	PROVINCE	yunnan		1.0.0	1	GJMJ
417	zlmz	ZLMZ	POKER	poker:pao-de-kuai	PROVINCE	ningxia		1.0.0	1	ZLMZ
418	st	ST	POKER	poker:510k	PROVINCE	jiangxi		1.0.0	1	ST
419	wk	WK	POKER	poker:compare-hand	PROVINCE	shanxisheng		1.0.0	1	WK
420	qjfbbmj	QJFBBMJ	MAHJONG	mahjong:lai-zi	PROVINCE	yunnan		1.0.0	1	QJFBBMJ
451	sysybp	SYSYBP	MAHJONG	mahjong:standard	PROVINCE	hunan		1.0.0	1	SYSYBP
453	cxyxmj	CXYXMJ	MAHJONG	mahjong:standard	PROVINCE	yunnan		1.0.0	1	CXYXMJ
454	hw	HW	POKER	poker:510k	PROVINCE	liaoning		1.0.0	1	HW
455	bxmd	BXMD	POKER	poker:510k	PROVINCE	liaoning		1.0.0	1	BXMD
456	qwwes	QWWES	POKER	poker:pao-de-kuai	PROVINCE	fujian		1.0.0	1	QWWES
457	japdk	JAPDK	POKER	poker:pao-de-kuai	PROVINCE	jiangxi		1.0.0	1	JAPDK
458	bsl	BSL	POKER	poker:climbing	PROVINCE	fujian		1.0.0	1	BSL
459	bsmj	BSMJ	MAHJONG	mahjong:standard	PROVINCE	guangxi		1.0.0	1	BSMJ
460	yfmj	YFMJ	MAHJONG	mahjong:standard	PROVINCE	jiangxi		1.0.0	1	YFMJ
461	py	PY	POKER	poker:510k	PROVINCE	shandong		1.0.0	1	PY
462	bzp	BZP	WORD_CARD	word-card:pao-hu-zi	PROVINCE	guizhou		1.0.0	1	BZP
463	wzqsmj	WZQSMJ	MAHJONG	mahjong:standard	PROVINCE	jiangxi		1.0.0	1	WZQSMJ
464	qdbh	QDBH	POKER	poker:510k	PROVINCE	shandong		1.0.0	1	QDBH
465	twgz	TWGZ	POKER	poker:510k	PROVINCE	taiwan		1.0.0	1	TWGZ
466	lnsymj	LNSYMJ	MAHJONG	mahjong:lai-zi	PROVINCE	liaoning		1.0.0	1	LNSYMJ
467	jxndpdk	JXNDPDK	POKER	poker:pao-de-kuai	PROVINCE	jiangxi		1.0.0	1	JXNDPDK
468	wfbh	WFBH	POKER	poker:510k	PROVINCE	shandong		1.0.0	1	WFBH
469	jxyz	JXYZ	POKER	poker:510k	PROVINCE	zhejiang		1.0.0	1	JXYZ
470	hldmj	HLDMJ	MAHJONG	mahjong:lai-zi	PROVINCE	liaoning		1.0.0	1	HLDMJ
471	scnjmj	SCNJMJ	MAHJONG	mahjong:xue-zhan	PROVINCE	sichaun		1.0.0	1	SCNJMJ
472	gj	GJ	POKER	poker:510k	PROVINCE	tianjin		1.0.0	1	GJ
473	wxzmmj	WXZMMJ	MAHJONG	mahjong:lai-zi	PROVINCE	jiangsu		1.0.0	1	WXZMMJ
474	pysft	PYSFT	POKER	poker:510k	PROVINCE	zhejiang		1.0.0	1	PYSFT
475	cdp	CDP	POKER	poker:510k	PROVINCE	hunan		1.0.0	1	CDP
476	wxls	WXLS	POKER	poker:compare-hand	PROVINCE	jiangsu		1.0.0	1	WXLS
477	jxhs	JXHS	POKER	poker:510k	PROVINCE	zhejiang		1.0.0	1	JXHS
478	zgz	ZGZ	POKER	poker:510k	PROVINCE	shanxi		1.0.0	1	ZGZ
479	dda	DDA	POKER	poker:trick-taking	PROVINCE	neimenggu		1.0.0	1	DDA
480	sstx	SSTX	POKER	poker:510k	PROVINCE	anhui		1.0.0	1	SSTX
481	sys	SYS	POKER	poker:510k	PROVINCE	liaoning		1.0.0	1	SYS
482	dqdz	DQDZ	POKER	poker:510k	PROVINCE	zhejiang		1.0.0	1	DQDZ
483	whbh	WHBH	POKER	poker:510k	PROVINCE	shandong		1.0.0	1	WHBH
484	xsdq	XSDQ	POKER	poker:510k	PROVINCE	hubei		1.0.0	1	XSDQ
485	esyd	ESYD	POKER	poker:betting	PROVINCE	taiwan		1.0.0	1	ESYD
486	xywsk	XYWSK	POKER	poker:510k	PROVINCE	jiangxi		1.0.0	1	XYWSK
487	szd	SZD	POKER	poker:generic-card-round	PROVINCE	taiwan		1.0.0	1	SZD
488	sglk	SGLK	POKER	poker:510k	PROVINCE	jiangxi		1.0.0	1	SGLK
489	ttz	TTZ	POKER	poker:compare-hand	PROVINCE	taiwan		1.0.0	1	TTZ
490	lczp	LCZP	WORD_CARD	word-card:pao-hu-zi	PROVINCE	hunan		1.0.0	1	LCZP
491	ycfxmj	YCFXMJ	MAHJONG	mahjong:lai-zi	PROVINCE	jiangxi		1.0.0	1	YCFXMJ
492	fcsj	FCSJ	POKER	poker:510k	PROVINCE	jiangxi		1.0.0	1	FCSJ
493	ycsgmj	YCSGMJ	MAHJONG	mahjong:lai-zi	PROVINCE	jiangxi		1.0.0	1	YCSGMJ
494	wabjmj	WABJMJ	MAHJONG	mahjong:xue-liu	PROVINCE	jiangxi		1.0.0	1	WABJMJ
495	fcgp	FCGP	POKER	poker:510k	PROVINCE	jiangxi		1.0.0	1	FCGP
496	jlpk	JLPK	POKER	poker:compare-hand	PROVINCE	hunan		1.0.0	1	JLPK
497	klmj	KLMJ	MAHJONG	mahjong:standard	PROVINCE	jiangxi		1.0.0	1	KLMJ
505	hebmj	HEBMJ	MAHJONG	mahjong:lai-zi	PROVINCE	haerbin		1.0.0	1	HEBMJ
506	nbcxmj	NBCXMJ	MAHJONG	mahjong:standard	PROVINCE	zhejiang		1.0.0	1	NBCXMJ
507	sxmj	SXMJ	MAHJONG	mahjong:standard	PROVINCE	zhejiang		1.0.0	1	SXMJ
508	wsbea	WSBEA	POKER	poker:climbing	PROVINCE	jiangxi		1.0.0	1	WSBEA
509	dglz	DGLZ	POKER	poker:trick-taking	PROVINCE	shanghai		1.0.0	1	DGLZ
510	sxzjmj	SXZJMJ	MAHJONG	mahjong:lai-zi	PROVINCE	zhejiang		1.0.0	1	SXZJMJ
511	dsmj	DSMJ	MAHJONG	mahjong:standard	PROVINCE	fujian		1.0.0	1	DSMJ
512	jmjsmj	JMJSMJ	MAHJONG	mahjong:lai-zi	PROVINCE	hubei		1.0.0	1	JMJSMJ
513	rbmj	RBMJ	MAHJONG	mahjong:xue-liu	PROVINCE	riben		1.0.0	1	RBMJ
514	fkbd	FKBD	POKER	poker:climbing	PROVINCE	taiwan		1.0.0	1	FKBD
515	scgamj	SCGAMJ	MAHJONG	mahjong:lai-zi	PROVINCE	sichuan		1.0.0	1	SCGAMJ
516	cdxzmj	成都血战麻将	MAHJONG	mahjong:xue-zhan	CITY	SC	CD	legacy-equivalent-1	1	CDXZMJ
518	xlhzmj	XLHZMJ	MAHJONG	mahjong:xue-liu	PROVINCE	sichuan		1.0.0	1	XLHZMJ
519	ntcp	NTCP	MAHJONG	mahjong:lai-zi	PROVINCE	jiangsu		1.0.0	1	NTCP
520	jayxddz	JAYXDDZ	POKER	poker:climbing	PROVINCE	jiangxi		1.0.0	1	JAYXDDZ
521	gawsk	GAWSK	POKER	poker:510k	PROVINCE	jiangxi		1.0.0	1	GAWSK
522	gaddz	GADDZ	POKER	poker:landlord	PROVINCE	jiangxi		1.0.0	1	GADDZ
523	gast	GAST	POKER	poker:510k	PROVINCE	jiangxi		1.0.0	1	GAST
524	lwmj	LWMJ	MAHJONG	mahjong:lai-zi	PROVINCE	shandong		1.0.0	1	LWMJ
525	lzxzmj	LZXZMJ	MAHJONG	mahjong:xue-zhan	PROVINCE	guangxi		1.0.0	1	LZXZMJ
526	lsyjmj	LSYJMJ	MAHJONG	mahjong:xue-zhan	PROVINCE	sichuan		1.0.0	1	LSYJMJ
527	sdzzmj	SDZZMJ	MAHJONG	mahjong:standard	PROVINCE	shandong		1.0.0	1	SDZZMJ
528	sdhzmj	SDHZMJ	MAHJONG	mahjong:standard	PROVINCE	shandong		1.0.0	1	SDHZMJ
529	xwmj	XWMJ	MAHJONG	mahjong:standard	PROVINCE	sichuan		1.0.0	1	XWMJ
530	lgmj	LGMJ	MAHJONG	mahjong:standard	PROVINCE	zhejiang		1.0.0	1	LGMJ
531	tamj	TAMJ	MAHJONG	mahjong:standard	PROVINCE	shandong		1.0.0	1	TAMJ
532	cnmj	CNMJ	MAHJONG	mahjong:xue-liu	PROVINCE	shanghai		1.0.0	1	CNMJ
533	zjtzmj	ZJTZMJ	MAHJONG	mahjong:lai-zi	PROVINCE	zhejiang		1.0.0	1	ZJTZMJ
534	ncaymj	NCAYMJ	MAHJONG	mahjong:standard	PROVINCE	jiangxi		1.0.0	1	NCAYMJ
536	xjbjmj	XJBJMJ	MAHJONG	mahjong:standard	PROVINCE	jiangxi		1.0.0	1	XJBJMJ
537	sse	SSE	MAHJONG	mahjong:standard	PROVINCE	jiangsu		1.0.0	1	SSE
538	lsxzmj	LSXZMJ	MAHJONG	mahjong:standard	PROVINCE	jiangxi		1.0.0	1	LSXZMJ
539	ybgxmj	YBGXMJ	MAHJONG	mahjong:lai-zi	PROVINCE	sichuan		1.0.0	1	YBGXMJ
540	thgz	THGZ	POKER	poker:510k	PROVINCE	jiangxi		1.0.0	1	THGZ
541	thbbz	THBBZ	POKER	poker:510k	PROVINCE	jiangxi		1.0.0	1	THBBZ
542	zymj	ZYMJ	MAHJONG	mahjong:standard	PROVINCE	guizhou		1.0.0	1	ZYMJ
543	eqw	EQW	POKER	poker:510k	PROVINCE	jiangxi		1.0.0	1	EQW
545	lhgmmj	LHGMMJ	MAHJONG	mahjong:standard	PROVINCE	jiangxi		1.0.0	1	LHGMMJ
546	gcmj	GCMJ	MAHJONG	mahjong:standard	PROVINCE	jiangsu		1.0.0	1	GCMJ
547	haxymj	HAXYMJ	MAHJONG	mahjong:standard	PROVINCE	jiangsu		1.0.0	1	HAXYMJ
548	scgxmj	SCGXMJ	MAHJONG	mahjong:xue-zhan	PROVINCE	sichuan		1.0.0	1	SCGXMJ
549	jtmj	JTMJ	MAHJONG	mahjong:standard	PROVINCE	jiangsu		1.0.0	1	JTMJ
550	tzjjmj	TZJJMJ	MAHJONG	mahjong:standard	PROVINCE	zhejiang		1.0.0	1	TZJJMJ
552	cbdg	CBDG	POKER	poker:510k	PROVINCE	hubei		1.0.0	1	CBDG
553	tjtgmj	TJTGMJ	MAHJONG	mahjong:standard	PROVINCE	tianjin		1.0.0	1	TJTGMJ
555	hcng	HCNG	POKER	poker:climbing	PROVINCE	guangxi		1.0.0	1	HCNG
556	zzdmz	ZZDMZ	POKER	poker:510k	PROVINCE	hunan		1.0.0	1	ZZDMZ
557	scdymj	SCDYMJ	MAHJONG	mahjong:xue-zhan	PROVINCE	sichuan		1.0.0	1	SCDYMJ
560	wjmj	WJMJ	MAHJONG	mahjong:lai-zi	PROVINCE	jiangsu		1.0.0	1	WJMJ
561	lnjzmj	LNJZMJ	MAHJONG	mahjong:lai-zi	PROVINCE	liaoning		1.0.0	1	LNJZMJ
565	qxwq	QXWQ	MAHJONG	mahjong:standard	PROVINCE	sichuan		1.0.0	1	QXWQ
568	tgwsk	TGWSK	POKER	poker:510k	PROVINCE	jiangxi		1.0.0	1	TGWSK
571	sjms	SJMS	POKER	poker:510k	PROVINCE	sichuan		1.0.0	1	SJMS
572	dzzj	DZZJ	POKER	poker:510k	PROVINCE	jiangxi		1.0.0	1	DZZJ
573	pydd	PYDD	POKER	poker:510k	PROVINCE	jiangxi		1.0.0	1	PYDD
574	yjlymj	YJLYMJ	MAHJONG	mahjong:lai-zi	PROVINCE	hubei		1.0.0	1	YJLYMJ
588	dphmj	DPHMJ	MAHJONG	mahjong:lai-zi	NATIONAL			1.0.0	1	DPHMJ
589	gapdk	GAPDK	POKER	poker:pao-de-kuai	PROVINCE	jiangxi		1.0.0	1	GAPDK
591	qdjt	QDJT	POKER	poker:510k	PROVINCE	jiangxi		1.0.0	1	QDJT
594	jayxmj	JAYXMJ	MAHJONG	mahjong:lai-zi	PROVINCE	jiangxi		1.0.0	1	JAYXMJ
596	pxphz	PXPHZ	WORD_CARD	word-card:pao-hu-zi	PROVINCE	jiangxi		1.0.0	1	PXPHZ
605	jtpdk	JTPDK	POKER	poker:pao-de-kuai	PROVINCE	jiangsu		1.0.0	1	JTPDK
610	jyessz	JYESSZ	MAHJONG	mahjong:lai-zi	PROVINCE	jiangsu		1.0.0	1	JYESSZ
611	tzpdk	TZPDK	POKER	poker:pao-de-kuai	PROVINCE	jiangsu		1.0.0	1	TZPDK
622	bdjhmj	BDJHMJ	MAHJONG	mahjong:standard	PROVINCE	guangdong		1.0.0	1	BDJHMJ
623	hzbdmj	HZBDMJ	MAHJONG	mahjong:standard	PROVINCE	guangdong		1.0.0	1	HZBDMJ
629	NJ201	内江跑得快	POKER	poker:pao-de-kuai	CITY	sichuan	neijiang	legacy-equivalent-1	1	NJ201
90005	LS201	凉山跑得快	POKER	poker:pao-de-kuai	CITY	sichuan	liangshan	xqp-equivalent-1	1	LS201
900001	hjmj	HJMJ	MAHJONG	mahjong:xue-zhan	PROVINCE	unpublished		1.0.0	0	HJMJ
900002	hsmj	HSMJ	MAHJONG	mahjong:standard	PROVINCE	hubei		1.0.0	0	HSMJ
900003	msmj	MSMJ	MAHJONG	mahjong:xue-zhan	PROVINCE	unpublished		1.0.0	0	MSMJ
900004	nzdl	NZDL	POKER	poker:landlord	PROVINCE	unpublished		1.0.0	0	NZDL
900005	pdk_bak	PDK_BAK	POKER	poker:pao-de-kuai	PROVINCE	unpublished		1.0.0	0	PDK_BAK
900006	sdlcmj	SDLCMJ	MAHJONG	mahjong:standard	PROVINCE	shandong		1.0.0	0	SDLCMJ
900007	xcmj	XCMJ	MAHJONG	mahjong:xue-liu	PROVINCE	anhui		1.0.0	0	XCMJ
900008	xjmj	XJMJ	MAHJONG	mahjong:standard	PROVINCE	unpublished		1.0.0	0	XJMJ
900009	zzmj	ZZMJ	MAHJONG	mahjong:lai-zi	PROVINCE	fujian		1.0.0	0	ZZMJ
