gameId	code	family	archetype	region	ruleComponents	lifecycleComponents	sourceStatus	sourceEvidence	allowedCreateFields	configSchemaHash
2	sss	poker:generic-card-round	poker/generic-card-round/direct-play/terminal-settlement	NATIONAL	source-generic	direct-play,terminal-settlement	SOURCE_SIGNATURE_AVAILABLE	SSSRoomSet.java;CSSSCreateRoom.java;CSSS_CreateRoom.java;BaseCreateRoom.java;sssChildCreateRoom.js	daqiang,difen,fangjian,gaoji,guize,jiesan,kexuanwanfa,paixingfenshu,paymentRoomCardType,playerMinNum,playerNum,setCount,sign,zhuangjiaguize	9fe235adbd78d680d7a262f19bf2483387d0d92387e1af871f93cfdc70640fec
5	nn	poker:betting	poker/betting/direct-play/terminal-settlement	NATIONAL	betting	direct-play,terminal-settlement	SOURCE_SIGNATURE_AVAILABLE	NNRoomSet.java;NNSetCard.java;CNNCreateRoom.java;CNN_CreateRoom.java;BaseCreateRoom.java;nnChildCreateRoom.js	difen,fanbeiguize,fangfei,gaoji,gaojixuanxiang,isXianJiaTuiZhu,jiesan,jushu,kexuanwanfa,paymentRoomCardType,playerMinNum,playerNum,setCount,shangzhuangfenshu,sign,teshupaixing,zuidaqiangzhuang	c564c3c65c6e59d6f23515690a900f91bbc9c349f9fc0e9a12016400970ed480
8	pdk	poker:pao-de-kuai	poker/shedding/direct-play/terminal-settlement	NATIONAL	bomb,pao-de-kuai	direct-play,terminal-settlement	SOURCE_SIGNATURE_AVAILABLE	PDKRoomSet.java;PDKSetCard.java;CPDKCreateRoom.java;CPDK_CreateRoom.java;BaseCreateRoom.java;pdkChildCreateRoom.js	clubCostType,clubId,clubWinnerPayConsume,createType,fangfei,fangjian,fangjianxianshi,gameIndex,gaoji,jiesan,jushu,kexuanwanfa,paymentRoomCardType,playerMinNum,playerNum,renshu,setCount,shoupai,sidai,xianShi,zhadanfenshu,zhadansuanfa	cceaca8ba1e809c6410c38c28f36b5a13b6fc06a0e5740c67d8c99cebe374df7
19	sg	poker:betting	poker/betting/direct-play/terminal-settlement	NATIONAL	betting	direct-play,terminal-settlement	SOURCE_SIGNATURE_AVAILABLE	SGRoomSet.java;SGSetCard.java;CSGCreateRoom.java;CSG_CreateRoom.java;BaseCreateRoom.java;sgChildCreateRoom.js	difen,fanbeiguize,fangfei,fangjian,gaoji,gaojixuanxiang,isXianJiaTuiZhu,jiesan,jushu,paymentRoomCardType,playerMinNum,playerNum,setCount,shangzhuangfenshu,sign,teshupaixing,xianShi,zuidaqiangzhuang	b3e8a010d5c75d23771a742021fc53ad56083f12669fb00ea6795af649eb7ad5
21	yglfl	poker:510k	poker/510k-partner-capture/direct-play/terminal-settlement	PROVINCE/jiangxi	510k,bomb,compare-hand	direct-play,terminal-settlement	SOURCE_SIGNATURE_AVAILABLE	YGLFLCalcPosEnd.java;YGLFLRoomEnum.java;YGLFLRoomSet.java;YGLFLSetCard.java;YGLFLSetOp.java;CYGLFLCreateRoom.java;CYGLFL_CreateRoom.java;BaseCreateRoom.java;yglflChildCreateRoom.js	chongguan,difen,duijia,fafen,fangjian,fengDing,gaoji,jiesan,kexuanwanfa,paymentRoomCardType,playerMinNum,playerNum,setCount,suanjiang,wanfa,xianShi,yongpai	8d9c1cd5b91e7f8a652b417b0160ee49c85c3e1e3c61faf31596cb7ab180ab55
26	ysdz	poker:510k	poker/510k-partner-capture/direct-play/terminal-settlement	PROVINCE/jiangxi	510k,bomb,compare-hand	direct-play,terminal-settlement	SOURCE_SIGNATURE_AVAILABLE	YSDZCalcPosEnd.java;YSDZRoomEnum.java;YSDZRoomSet.java;YSDZSetCard.java;YSDZSetOp.java;CYSDZCreateRoom.java;CYSDZ_CreateRoom.java;BaseCreateRoom.java;ysdzChildCreateRoom.js	difen,fangjian,gaoji,jiesan,kaiJiangs,kexuanwanfa,paymentRoomCardType,playerMinNum,playerNum,setCount,sign,wanfa,xianShi	f25e9419f9ba969cf4bcb1f2da18b204e08452d644009d869e978d3fb2843b75
27	gdy	poker:generic-card-round	poker/generic-card-round/direct-play/terminal-settlement	NATIONAL	bomb	direct-play,terminal-settlement	SOURCE_SIGNATURE_AVAILABLE	GDYRoomSet.java;GDYSetCard.java;CGDYCreateRoom.java;CGDY_CreateRoom.java;BaseCreateRoom.java;gdyChildCreateRoom.js	fangjian,fengDing,gaoji,jiesan,kexuanwanfa,paymentRoomCardType,playerMinNum,playerNum,setCount,weizi,xianShi	a6e1c2b87bba25ae7355d17363f7da8f848ba4964b54ba25bb3ca6d6acc63d1a
31	ddz	poker:landlord	poker/landlord-climbing/pre-round-choice/terminal-settlement	NATIONAL	bomb,compare-hand,dou-di-zhu,pao-de-kuai	pre-round-choice,terminal-settlement	SOURCE_SIGNATURE_AVAILABLE	DDZRoomSet.java;DDZSetCard.java;CDDZCreateRoom.java;CDDZ_CreateRoom.java;BaseCreateRoom.java;ddzChildCreateRoom.js	dizhufengding,fangjian,gaoji,jiesan,kexuanwanfa,paymentRoomCardType,playerMinNum,playerNum,quedingdizhu,sandai,setCount,sidai,xianShi	2bb6ea2d589b54481cf8f828d13d877ec53298cd70931de9e9d53043ba1af285
34	xyzb	poker:510k	poker/510k-partner-capture/direct-play/terminal-settlement	PROVINCE/fujian	510k,bomb,compare-hand	direct-play,terminal-settlement	SOURCE_SIGNATURE_AVAILABLE	XYZBCalcPosEnd.java;XYZBRoomEnum.java;XYZBRoomSet.java;XYZBSetCard.java;XYZBSetOp.java;CXYZBCreateRoom.java;CXYZB_CreateRoom.java;BaseCreateRoom.java;xyzbChildCreateRoom.js	fangjian,gaoji,jiesan,kexuanwanfa,paymentRoomCardType,playerMinNum,playerNum,setCount,xianShi	d08ca24f0557795a634af52bbf38cb4702af3562dfd86f7228f3b23b6c3ad64b
35	pxcn	poker:climbing	poker/climbing/direct-play/terminal-settlement	PROVINCE/fujian	betting	direct-play,terminal-settlement	SOURCE_SIGNATURE_AVAILABLE	PXCNRoomSet.java;PXCNSetCard.java;CPXCNCreateRoom.java;CPXCN_CreateRoom.java;BaseCreateRoom.java;pxcnChildCreateRoom.js	gaoji,jiesan,kexuanwanfa,languowanfa,paixing,paymentRoomCardType,playerMinNum,playerNum,setCount,sign,xianShi,yazhu,zhadao	d091eafbd27778df75610e84fadac3e6cf3656b1fb9417a5268116fc4e02d01c
39	gd	poker:climbing	poker/climbing/direct-play/terminal-settlement	PROVINCE/jiangxi	bomb,compare-hand	direct-play,terminal-settlement	SOURCE_SIGNATURE_AVAILABLE	GDRoomSet.java;GDSetCard.java;PKRoomSet.java;PKSetCard.java;CGDCreateRoom.java;CGD_CreateRoom.java;BaseCreateRoom.java;gdChildCreateRoom.js	clubCostType,clubId,clubWinnerPayConsume,createType,fangfei,fangjian,gameIndex,gaoji,jiesan,jushu,kexuanwanfa,paymentRoomCardType,playerMinNum,playerNum,renshu,setCount,sign,xianShi	e3cb2bbf0664002986b7849feddbfe3cf6be2c61803a6c417ac5f4ed4a2e26a0
42	wsk	poker:510k	poker/510k-partner-capture/direct-play/terminal-settlement	PROVINCE/jiangsu	510k,bomb,compare-hand	direct-play,terminal-settlement	SOURCE_SIGNATURE_AVAILABLE	WSKCalcPosEnd.java;WSKRoomEnum.java;WSKRoomSet.java;WSKSetCard.java;WSKSetOp.java;CWSKCreateRoom.java;CWSK_CreateRoom.java;BaseCreateRoom.java;wskChildCreateRoom.js	fangjian,gaoji,jiaobian,jiesan,paymentRoomCardType,playerMinNum,playerNum,setCount,wanfa,xianShi,zhadanshangxian	6be6faac62dbc1b3a021c0dd66167653e49bbe8aeeae5371bc2724e09809605d
51	sj	poker:510k	poker/510k-partner-capture/direct-play/terminal-settlement	PROVINCE/jiangsu	510k,trick-trump	direct-play,terminal-settlement	SOURCE_SIGNATURE_AVAILABLE	SJCalcPosEnd.java;SJRoomEnum.java;SJRoomSet.java;SJSetCard.java;SJSetOp.java;CSJCreateRoom.java;CSJ_CreateRoom.java;BaseCreateRoom.java;sjChildCreateRoom.js	fangjian,gaoji,jiesan,kexuanwanfa,moshi,paymentRoomCardType,playerMinNum,playerNum,setCount,shuyingfengding,sign,xianShi,zhupaixuanze	a9ac54b6767e1d7ec9b8105dcf608b457b2b984b7da19fd51cfa6e55af55fbd4
52	bw	poker:climbing	poker/climbing/direct-play/terminal-settlement	PROVINCE/jiangxi	bomb,compare-hand	direct-play,terminal-settlement	SOURCE_SIGNATURE_AVAILABLE	BWRoomSet.java;BWSetCard.java;PKRoomSet.java;PKSetCard.java;CBWCreateRoom.java;CBW_CreateRoom.java;BaseCreateRoom.java;bwChildCreateRoom.js	baowang,gaoji,jiesan,kexuanwanfa,paymentRoomCardType,playerMinNum,playerNum,setCount,sign,wanfa,wangpai,xianShi	846fad73227b1502084e918b869d5c866fabe99e2c3006478ae049872cfb8587
61	wl	poker:climbing	poker/climbing/direct-play/terminal-settlement	PROVINCE/jiangxi	bomb,compare-hand	direct-play,terminal-settlement	SOURCE_SIGNATURE_AVAILABLE	WLRoomSet.java;WLSetCard.java;PKRoomSet.java;PKSetCard.java;CWLCreateRoom.java;CWL_CreateRoom.java;BaseCreateRoom.java;wlChildCreateRoom.js	beilv,fapai,fengDing,gaoji,jiesan,kexuanwanfa,paymentRoomCardType,playerMinNum,playerNum,setCount,shunjiang,sudu,tongse,wanfa,wujiang,xianShi	392e83888c0b6332b301eb56461c682a0f141bd7dc397c6a1d1f9a2debdea390
65	bjpk	poker:compare-hand	poker/compare-hand/direct-play/terminal-settlement	PROVINCE/jiangsu	compare-hand	direct-play,terminal-settlement	SOURCE_SIGNATURE_AVAILABLE	BJPKRoomEnum.java;BJPKRoomSet.java;BJPKSetCard.java;CBJPKCreateRoom.java;CBJPK_CreateRoom.java;BaseCreateRoom.java;bjpkChildCreateRoom.js	fangjian,gaoji,jiesan,kexuanwanfa,paixing,paymentRoomCardType,playerMinNum,playerNum,setCount,wanfa,xianShi	2026a0f4fafd5e5c0e811e7339c59208d8bbbd6181f493107fa9394cf8a2a06a
68	fddz	poker:climbing	poker/climbing/direct-play/terminal-settlement	PROVINCE/fujian	bomb,compare-hand	direct-play,terminal-settlement	SOURCE_SIGNATURE_AVAILABLE	FDDZRoomSet.java;FDDZSetCard.java;PKRoomSet.java;PKSetCard.java;CFDDZCreateRoom.java;CFDDZ_CreateRoom.java;BaseCreateRoom.java;fddzChildCreateRoom.js	fangjian,gaoji,jiesan,kexuanwanfa,paymentRoomCardType,playerMinNum,playerNum,setCount,sign,xianShi	f83aa3cc13ba73891c3a3051aa05deb1ed54403b52fa40169bc8a7ffaba8cba7
69	yxls	poker:generic-card-round	poker/generic-card-round/direct-play/terminal-settlement	PROVINCE/jiangsu	source-generic	direct-play,terminal-settlement	SOURCE_SIGNATURE_AVAILABLE	YXLSRoomSet.java;CYXLSCreateRoom.java;SYXLS_CreateRoom.java;BaseCreateRoom.java;yxlsChildCreateRoom.js	gaoji,jiesan,kexuanwanfa,paymentRoomCardType,playerMinNum,playerNum,setCount,sign,xianShi	eec25de37e2544a496faef26ac15b188984fe777e9f3bc2531cd75e611e342cb
72	zjpls	poker:generic-card-round	poker/generic-card-round/direct-play/terminal-settlement	PROVINCE/jiangsu	source-generic	direct-play,terminal-settlement	SOURCE_SIGNATURE_AVAILABLE	ZJPLSRoomSet.java;CZJPLSCreateRoom.java;SZJPLS_CreateRoom.java;BaseCreateRoom.java;zjplsChildCreateRoom.js	gaoji,jiesan,paymentRoomCardType,playerMinNum,playerNum,setCount,sign,wanfa,xianShi	0cf851c4d6b870ed6e6daa5c6d964534f8a0eae29288f4b4249489e3933dfd68
74	px6gt	poker:510k	poker/510k-partner-capture/direct-play/terminal-settlement	PROVINCE/jiangxi	510k,bomb,compare-hand	direct-play,terminal-settlement	SOURCE_SIGNATURE_AVAILABLE	PX6GTRoomSet.java;PX6GTSetCard.java;PKRoomSet.java;PKSetCard.java;CPX6GTCreateRoom.java;CPX6GT_CreateRoom.java;BaseCreateRoom.java;px6gtChildCreateRoom.js	fangjian,gaoji,jiesan,kexuanwanfa,lianmai,paymentRoomCardType,playerMinNum,playerNum,setCount,suanjiangguize,xianShi,zhadanjiangli	986c725ee0257cd3be35234f530d6f633ee09989995c4faaf5f7421f12b6bf85
75	px3gt	poker:510k	poker/510k-partner-capture/direct-play/terminal-settlement	PROVINCE/jiangxi	510k,bomb,compare-hand	direct-play,terminal-settlement	SOURCE_SIGNATURE_AVAILABLE	PX3GTRoomSet.java;PX3GTSetCard.java;PKRoomSet.java;PKSetCard.java;CPX3GTCreateRoom.java;CPX3GT_CreateRoom.java;BaseCreateRoom.java;px3gtChildCreateRoom.js	fangjian,gaoji,jiesan,kexuanwanfa,lianmai,paymentRoomCardType,playerMinNum,playerNum,setCount,xianShi,zhadanjiangli	edc7ade9a4b94d0ef4c7f1d8137ae706b98cdc16c0fa8b8dfba9ae6524ddb67b
78	aypdk	poker:pao-de-kuai	poker/shedding/direct-play/terminal-settlement	PROVINCE/sichuan	bomb,compare-hand,pao-de-kuai	direct-play,terminal-settlement	SOURCE_SIGNATURE_AVAILABLE	AYPDKRoomSet.java;AYPDKSetCard.java;CAYPDKCreateRoom.java;CAYPDK_CreateRoom.java;BaseCreateRoom.java;aypdkChildCreateRoom.js	chupai,clubCostType,clubId,clubWinnerPayConsume,createType,daxiaoguan,fangfei,gameIndex,gaoji,heitaosanbichu,jiesan,jushu,kexuanwanfa,paixing,paymentRoomCardType,playerMinNum,playerNum,renshu,setCount,teshu,xianShi,zhadan	16d1266470e64d325e96dcb6612a7986c222df96c5c7bda9c4b10e2cb4d9e7d6
84	wnpdk	poker:pao-de-kuai	poker/shedding/direct-play/terminal-settlement	PROVINCE/jiangxi	bomb,pao-de-kuai	direct-play,terminal-settlement	SOURCE_SIGNATURE_AVAILABLE	WNPDKRoomSet.java;WNPDKSetCard.java;CWNPDKCreateRoom.java;CWNPDK_CreateRoom.java;BaseCreateRoom.java;wnpdkChildCreateRoom.js	gaoji,jiesan,kexuanwanfa,maxAddDouble,paymentRoomCardType,playerMinNum,playerNum,resultCalc,score,setCount,shoupai,xianShi,zhadanfenshu,zhadansuanfa	541602c187bcf0dffe2d1e3698a155edc74c9124ba88f35bd96e3885a4a6f81f
85	fqpls	poker:betting	poker/betting/direct-play/terminal-settlement	PROVINCE/fujian	betting	direct-play,terminal-settlement	SOURCE_SIGNATURE_AVAILABLE	FQPLSRoomSet.java;CFQPLSCreateRoom.java;SFQPLS_CreateRoom.java;BaseCreateRoom.java;fqplsChildCreateRoom.js	clubCostType,clubId,clubWinnerPayConsume,createType,fangjian,gameIndex,jiesan,kexuanwanfa,paymentRoomCardType,playerMinNum,playerNum,setCount,sign,xianShi	0d131640bc1c91ed655c0bbe344da67b1469317ebea251e0f1a027b2a2f7c288
86	fqsbp	poker:betting	poker/betting/direct-play/terminal-settlement	PROVINCE/fujian	betting	direct-play,terminal-settlement	SOURCE_SIGNATURE_AVAILABLE	FQSBPRoomSet.java;CFQSBPCreateRoom.java;SFQSBP_CreateRoom.java;BaseCreateRoom.java;fqsbpChildCreateRoom.js	fangjian,gaoji,jiesan,kexuanwanfa,paymentRoomCardType,playerMinNum,playerNum,setCount,sign,xianShi	d4a1d50993b566e7cb61ba3f701a384d0f06d1eb537399bdef845cf798b57320
87	dzpk	poker:compare-hand	poker/compare-hand/direct-play/terminal-settlement	PROVINCE/fujian	510k,betting,compare-hand	direct-play,terminal-settlement	SOURCE_SIGNATURE_AVAILABLE	DZPKCalcPosEnd.java;DZPKRoomEnum.java;DZPKRoomSet.java;DZPKSetCard.java;DZPKSetOp.java;CDZPKCreateRoom.java;CDZPK_CreateRoom.java;BaseCreateRoom.java;dzpkChildCreateRoom.js	daxiaomangjibie,fangjian,gaoji,jiesan,moshi,paymentRoomCardType,playerMinNum,playerNum,qianzhu,santiaoshunzi,setCount,sign,wanfa,xianShi	6f75fb0a804871c46d0022f3185ea551a692270e82f9040ad73416b5343f96df
88	dx	poker:compare-hand	poker/compare-hand/direct-play/terminal-settlement	PROVINCE/fujian	compare-hand	direct-play,terminal-settlement	SOURCE_SIGNATURE_AVAILABLE	DXCalcPosEnd.java;DXRoomEnum.java;DXRoomSet.java;DXSetCard.java;CDXCreateRoom.java;CDX_CreateRoom.java;BaseCreateRoom.java;dxChildCreateRoom.js	gaoji,huangdiduijiangli,jiesan,kexuanwanfa,paymentRoomCardType,playerMinNum,playerNum,setCount	ae0b7dce9bacce1320693af767477dcf90f6153157fe6678ac91b9af3d373d7d
89	hbpdk	poker:pao-de-kuai	poker/shedding/direct-play/terminal-settlement	PROVINCE/henan	bomb,compare-hand,pao-de-kuai	direct-play,terminal-settlement	SOURCE_SIGNATURE_AVAILABLE	HBPDKRoomSet.java;HBPDKSetCard.java;CHBPDKCreateRoom.java;CHBPDK_CreateRoom.java;BaseCreateRoom.java;hbpdkChildCreateRoom.js	cardNum,gaoji,kexuanwanfa,maxAddDouble,paymentRoomCardType,playerMinNum,playerNum,score,setCount,xianchu,zhadanfenshu	4f5abf722ff9bdeb2ab974b9fc532a4322dba1a19fadcba697fea24f44a05387
103	yxpdk	poker:pao-de-kuai	poker/shedding/direct-play/terminal-settlement	PROVINCE/jiangsu	bomb,pao-de-kuai	direct-play,terminal-settlement	SOURCE_SIGNATURE_AVAILABLE	YXPDKRoomSet.java;YXPDKSetCard.java;CYXPDKCreateRoom.java;CYXPDK_CreateRoom.java;BaseCreateRoom.java;yxpdkChildCreateRoom.js	clubCostType,clubId,clubWinnerPayConsume,createType,fangfei,fangjian,gameIndex,gaoji,jiesan,jushu,kexuanwanfa,paymentRoomCardType,piaoHua,piaohuaxuanze,playerMinNum,playerNum,renshu,setCount,shoupai,sidai,xianShi,zhadanfenshu,zhadansuanfa	a8a1cdf1fde492185070d7cf391941684355d6edfa3db496b9378d2cf16fe488
104	pypp	poker:climbing	poker/climbing/direct-play/terminal-settlement	PROVINCE/jiangxi	bomb,compare-hand	direct-play,terminal-settlement	SOURCE_SIGNATURE_AVAILABLE	PYPPRoomSet.java;PYPPSetCard.java;PKRoomSet.java;PKSetCard.java;CPYPPCreateRoom.java;CPYPP_CreateRoom.java;BaseCreateRoom.java;pyppChildCreateRoom.js	beilv,difen,gaoji,jiesan,kexuanwanfa,paymentRoomCardType,playerMinNum,playerNum,setCount,xianShi	85a08f11c397547978148a17b588fe91ee3e5185d2b5b0a5be6b09f4c3f99e38
105	pyzhw	poker:trick-taking	poker/trick-trump/pre-round-choice/terminal-settlement	PROVINCE/jiangxi	compare-hand,trick-trump	pre-round-choice,terminal-settlement	SOURCE_SIGNATURE_AVAILABLE	PYZHWRoomSet.java;PYZHWSetCard.java;PKRoomSet.java;PKSetCard.java;CPYZHWCreateRoom.java;CPYZHW_CreateRoom.java;BaseCreateRoom.java;pyzhwChildCreateRoom.js	fangjian,gaoji,jiesan,kexuanwanfa,paymentRoomCardType,playerMinNum,playerNum,setCount,sign,xianShi	4b68b396f083090a89188b8e91b329d809fc9cc4f20450f501320b3b4179af75
109	lpts	poker:510k	poker/510k-partner-capture/direct-play/terminal-settlement	PROVINCE/jiangxi	510k,bomb,compare-hand	direct-play,terminal-settlement	SOURCE_SIGNATURE_AVAILABLE	LPTSCalcPosEnd.java;LPTSRoomEnum.java;LPTSRoomSet.java;LPTSSetCard.java;LPTSSetOp.java;CLPTSCreateRoom.java;CLPTS_CreateRoom.java;BaseCreateRoom.java;lptsChildCreateRoom.js	dazhadan,fangjian,gaoji,jiesan,kexuanwanfa,paymentRoomCardType,playerMinNum,playerNum,setCount,xianShi	b90d857a9387665d46021003ca34cce860185ce48ab89b3acf24c7694aaf7ec1
110	lppdk	poker:pao-de-kuai	poker/shedding/direct-play/terminal-settlement	PROVINCE/jiangxi	bomb,pao-de-kuai	direct-play,terminal-settlement	SOURCE_SIGNATURE_AVAILABLE	LPPDKRoomSet.java;LPPDKSetCard.java;CLPPDKCreateRoom.java;CLPPDK_CreateRoom.java;BaseCreateRoom.java;lppdkChildCreateRoom.js	clubCostType,clubId,clubWinnerPayConsume,createType,fangfei,fangjian,gameIndex,gaoji,jiesan,jushu,kexuanwanfa,paymentRoomCardType,playerMinNum,playerNum,renshu,setCount,shoupai,sidai,xianShi,zhadanfenshu,zhadansuanfa	631ed3e73ce9edfe9471a1aa33cb2e55b4d6d51c9e1e648ea4f4d4dd1f60c158
112	pypdk	poker:pao-de-kuai	poker/shedding/direct-play/terminal-settlement	PROVINCE/jiangxi	bomb,pao-de-kuai	direct-play,terminal-settlement	SOURCE_SIGNATURE_AVAILABLE	PYPDKRoomSet.java;PYPDKSetCard.java;CPYPDKCreateRoom.java;CPYPDK_CreateRoom.java;BaseCreateRoom.java;pypdkChildCreateRoom.js	clubCostType,clubId,clubWinnerPayConsume,createType,fangfei,fangjian,gameIndex,gaoji,jiesan,jushu,kexuanwanfa,paymentRoomCardType,playerMinNum,playerNum,renshu,setCount,shoupai,xianShi,zhadansuanfa	17be8b2e55b73b75207b58115492c9cbe5b1e9231da19a6c4dc9ae865bf41886
114	dle	poker:climbing	poker/climbing/direct-play/terminal-settlement	PROVINCE/taiwan	compare-hand	direct-play,terminal-settlement	SOURCE_SIGNATURE_AVAILABLE	DLERoomSet.java;DLESetCard.java;PKRoomSet.java;PKSetCard.java;CDLECreateRoom.java;CDLE_CreateRoom.java;BaseCreateRoom.java;dleChildCreateRoom.js	gaoji,jiesan,kexuanwanfa,paizhi,paymentRoomCardType,playerMinNum,playerNum,setCount,xianShi	2856b1dc6cab7e812f1c69cc21cb97d4e461466f6e3db76301b7987e2c565f19
115	pxpdk	poker:pao-de-kuai	poker/shedding/direct-play/terminal-settlement	PROVINCE/jiangxi	bomb,pao-de-kuai	direct-play,terminal-settlement	SOURCE_SIGNATURE_AVAILABLE	PXPDKRoomSet.java;PXPDKSetCard.java;CPXPDKCreateRoom.java;CPXPDK_CreateRoom.java;BaseCreateRoom.java;pxpdkChildCreateRoom.js	clubCostType,clubId,clubWinnerPayConsume,createType,fangfei,fangjian,gameIndex,gaoji,jiesan,jushu,kexuanwanfa,paymentRoomCardType,playerMinNum,playerNum,renshu,setCount,shoupai,suanFen,suanFenNum,xianShi,zhadansuanfa	cfa4d7d7ae9d322c45e431bc0eced275656abc0547c101d383149723a6b458bf
116	jxfzgp	poker:pao-de-kuai	poker/shedding/direct-play/terminal-settlement	PROVINCE/jiangxi	compare-hand,pao-de-kuai	direct-play,terminal-settlement	SOURCE_SIGNATURE_AVAILABLE	JXFZGPRoomSet.java;JXFZGPSetCard.java;PKRoomSet.java;PKSetCard.java;CJXFZGPCreateRoom.java;CJXFZGP_CreateRoom.java;BaseCreateRoom.java;jxfzgpChildCreateRoom.js	gaoji,jiesan,paymentRoomCardType,playerMinNum,playerNum,setCount,sign,wanfa,xianShi,xianchu	f988719128785a956c3ab74ddcddcd1d85c5369be48d81172eae9cbe371602c4
117	jxfzpdk	poker:pao-de-kuai	poker/shedding/direct-play/terminal-settlement	PROVINCE/jiangxi	bomb,pao-de-kuai	direct-play,terminal-settlement	SOURCE_SIGNATURE_AVAILABLE	JXFZPDKRoomSet.java;JXFZPDKSetCard.java;CJXFZPDKCreateRoom.java;CJXFZPDK_CreateRoom.java;BaseCreateRoom.java;jxfzpdkChildCreateRoom.js	clubCostType,clubId,clubWinnerPayConsume,createType,difen,fangfei,fangjian,gameIndex,gaoji,jiesan,jushu,kexuanwanfa,paymentRoomCardType,playerMinNum,playerNum,renshu,setCount,shoupai,xianShi,zhadanfenshu	639213ad7b172f830e3ac9f4dfd6e0cf0e72631d0812af3d910fb9ed1f6c3727
118	zjqzsk	poker:trick-taking	poker/trick-trump/direct-play/terminal-settlement	PROVINCE/zhejiang	bomb,compare-hand,trick-trump	direct-play,terminal-settlement	SOURCE_SIGNATURE_AVAILABLE	ZJQZSKRoomSet.java;ZJQZSKSetCard.java;PKRoomSet.java;PKSetCard.java;CZJQZSKCreateRoom.java;CZJQZSK_CreateRoom.java;BaseCreateRoom.java;zjqzskChildCreateRoom.js	fenpai,gaoji,jiesan,kexuanwanfa,laizi,paymentRoomCardType,playerMinNum,playerNum,setCount,sign,xianShi	c925b7bbcdb4a99a9fbd19ecd824da485fe1850eceb7dbaaca111ec1517e3b41
120	rcwsk	poker:510k	poker/510k-partner-capture/direct-play/terminal-settlement	PROVINCE/fujian	510k,bomb,compare-hand	direct-play,terminal-settlement	SOURCE_SIGNATURE_AVAILABLE	RCWSKCalcPosEnd.java;RCWSKRoomEnum.java;RCWSKRoomSet.java;RCWSKSetCard.java;RCWSKSetOp.java;CRCWSKCreateRoom.java;CRCWSK_CreateRoom.java;BaseCreateRoom.java;rcwskChildCreateRoom.js	fangjian,gaoji,jiesan,lianhuanzhadan,lianmai,paymentRoomCardType,playerMinNum,playerNum,setCount,xianShi	a7a3d4d43335db05e43abc306b4d3b856b0753fca1f944870c35dd5797c1edd1
129	lhzp	poker:510k	poker/510k-partner-capture/direct-play/terminal-settlement	PROVINCE/jiangxi	510k,bomb,compare-hand,pao-de-kuai	direct-play,terminal-settlement	SOURCE_SIGNATURE_AVAILABLE	LHZPCalcPosEnd.java;LHZPRoomEnum.java;LHZPRoomSet.java;LHZPSetCard.java;LHZPSetOp.java;CLHZPCreateRoom.java;CLHZP_CreateRoom.java;BaseCreateRoom.java;lhzpChildCreateRoom.js	clubCostType,clubId,clubWinnerPayConsume,createType,difen,fangfei,fangjian,gameIndex,gaoji,jiesan,jushu,kexuanwanfa,paymentRoomCardType,playerMinNum,playerNum,renshu,setCount,xianShi	96d8c8cfabf90bc5d867dffc7a5757e7595c06a07aed679540e19334eceed516
130	erddz	poker:landlord	poker/landlord-climbing/pre-round-choice/terminal-settlement	NATIONAL	bomb,compare-hand,dou-di-zhu,pao-de-kuai,trick-trump	pre-round-choice,terminal-settlement	SOURCE_SIGNATURE_AVAILABLE	ERDDZRoomSet.java;ERDDZSetCard.java;CERDDZCreateRoom.java;CERDDZ_CreateRoom.java;BaseCreateRoom.java;erddzChildCreateRoom.js	dajusuanfen,fanbeifengding,fangjian,gaoji,jiesan,kexuanwanfa,paymentRoomCardType,playerMinNum,playerNum,quedingdizhu,sandai,setCount,sidai,xianShi,xiaojuqiepai	1c0a75ae1d8d0705f9125f093ed0b82bbc159a9d1d5f82ab6f95d323cd55b204
131	hnpdk	poker:pao-de-kuai	poker/shedding/direct-play/terminal-settlement	PROVINCE/henan	bomb,pao-de-kuai	direct-play,terminal-settlement	SOURCE_SIGNATURE_AVAILABLE	HNPDKRoomSet.java;HNPDKSetCard.java;CHNPDKCreateRoom.java;CHNPDK_CreateRoom.java;BaseCreateRoom.java;hnpdkChildCreateRoom.js	a3zha,clubCostType,clubId,clubWinnerPayConsume,createType,fangfei,fangjian,gameIndex,gaoji,jiesan,jushu,kexuanwanfa,paymentRoomCardType,playerMinNum,playerNum,renshu,setCount,shouchu,shoupai,xianShi,zhadanfenshu,zhadansuanfa	981373c07a379175a708a204b4c3718df972d1a46f0e23f35105f83e00a40f12
132	dhd	poker:generic-card-round	poker/generic-card-round/direct-play/terminal-settlement	PROVINCE/fujian	source-generic	direct-play,terminal-settlement	SOURCE_SIGNATURE_AVAILABLE	DHDCalcPosEnd.java;DHDRoomSet.java;DHDSetCard.java;CDHDCreateRoom.java;CDHD_CreateRoom.java;BaseCreateRoom.java;dhdChildCreateRoom.js	fangjian,fenzhi,gaoji,jiesan,kexuanwanfa,paymentRoomCardType,playerMinNum,playerNum,setCount,wanfa,xianShi	c4fd58afed707ea828ae1adc3fd8b9ed00eaa487f6790e8bd4e84d0ed8e1701c
140	dcts	poker:510k	poker/510k-partner-capture/direct-play/terminal-settlement	PROVINCE/jiangxi	510k,bomb,compare-hand	direct-play,terminal-settlement	SOURCE_SIGNATURE_AVAILABLE	DCTSCalcPosEnd.java;DCTSRoomEnum.java;DCTSRoomSet.java;DCTSSetCard.java;DCTSSetOp.java;CDCTSCreateRoom.java;CDCTS_CreateRoom.java;BaseCreateRoom.java;dctsChildCreateRoom.js	clubCostType,clubId,clubWinnerPayConsume,createType,fangfei,fangjian,gameIndex,gaoji,jiesan,jushu,kexuanwanfa,moshi,paymentRoomCardType,playerMinNum,playerNum,renshu,setCount,sign,xianShi	9f0302eb0909399dca8d12a80ace1dac7d62a86e0599b7e12426afb62abd34d4
141	ctwsk	poker:510k	poker/510k-partner-capture/direct-play/terminal-settlement	PROVINCE/fujian	510k,bomb,compare-hand	direct-play,terminal-settlement	SOURCE_SIGNATURE_AVAILABLE	CTWSKCalcPosEnd.java;CTWSKRoomEnum.java;CTWSKRoomSet.java;CTWSKSetCard.java;CTWSKSetOp.java;CCTWSKCreateRoom.java;CCTWSK_CreateRoom.java;BaseCreateRoom.java;ctwskChildCreateRoom.js	fangjian,gaoji,jiesan,paymentRoomCardType,playerMinNum,playerNum,setCount,xianShi	31633a832053f3974e049a2e7035d50bf35be6de819655e4dcfa1177841fef35
150	yzpdk	poker:pao-de-kuai	poker/shedding/direct-play/terminal-settlement	PROVINCE/jiangsu	bomb,pao-de-kuai	direct-play,terminal-settlement	SOURCE_SIGNATURE_AVAILABLE	YZPDKRoomSet.java;YZPDKSetCard.java;CYZPDKCreateRoom.java;CYZPDK_CreateRoom.java;BaseCreateRoom.java;yzpdkChildCreateRoom.js	clubCostType,clubId,clubWinnerPayConsume,createType,fangfei,fangjian,fengDing,gameIndex,gaoji,jiesan,jushu,kexuanwanfa,paymentRoomCardType,playerMinNum,playerNum,renshu,sandai,setCount,shoupai,sidai,xianShi,zhadanfenshu,zhadansuanfa	cee2aae77e6bccd0ffa19df6aa7ae2baa94b27a07b4e68a91a13e61a12e9e66e
155	rcwsk3	poker:climbing	poker/climbing/direct-play/terminal-settlement	PROVINCE/fujian	510k,bomb,compare-hand	direct-play,terminal-settlement	SOURCE_SIGNATURE_AVAILABLE	RCWSK3CalcPosEnd.java;RCWSK3RoomEnum.java;RCWSK3RoomSet.java;RCWSK3SetCard.java;RCWSK3SetOp.java;CRCWSK3CreateRoom.java;CRCWSK3_CreateRoom.java;BaseCreateRoom.java;rcwsk3ChildCreateRoom.js	fangjian,gaoji,jiesan,lianhuanzhadan,lianmai,paymentRoomCardType,playerMinNum,playerNum,setCount,xianShi	b923c43c76ddb477bb5d8a846a705f18d02d28f40ca66e65c8acaec6a587da7d
158	jdzts	poker:510k	poker/510k-partner-capture/direct-play/terminal-settlement	PROVINCE/jiangxi	510k,bomb,compare-hand	direct-play,terminal-settlement	SOURCE_SIGNATURE_AVAILABLE	JDZTSCalcPosEnd.java;JDZTSRoomEnum.java;JDZTSRoomSet.java;JDZTSSetCard.java;JDZTSSetOp.java;CJDZTSCreateRoom.java;CJDZTS_CreateRoom.java;BaseCreateRoom.java;jdztsChildCreateRoom.js	fangjian,gaoji,heju,jiefeng,jiesan,kexuanwanfa,paymentRoomCardType,playerMinNum,playerNum,setCount,suanshang,wanfa,xianShi	d1c51fe051f6ef3b848e65ec86d64b1e5bb7286ce530b1da63697d3b64e64c4f
162	jdzpdk	poker:pao-de-kuai	poker/shedding/direct-play/terminal-settlement	PROVINCE/jiangxi	bomb,pao-de-kuai	direct-play,terminal-settlement	SOURCE_SIGNATURE_AVAILABLE	JDZPDKRoomSet.java;JDZPDKSetCard.java;CJDZPDKCreateRoom.java;CJDZPDK_CreateRoom.java;BaseCreateRoom.java;jdzpdkChildCreateRoom.js	clubCostType,clubId,clubWinnerPayConsume,createType,fangfei,fangjian,gameIndex,gaoji,jiesan,jushu,kexuanwanfa,paymentRoomCardType,playerMinNum,playerNum,renshu,setCount,shoupai,xianShi,zhadansuanfa	809b633b3a1453ead3b4e18d5e40e3759d53a3c6181ddd0187053653c5b44c87
170	hhpdk	poker:pao-de-kuai	poker/shedding/direct-play/terminal-settlement	PROVINCE/hunan	bomb,pao-de-kuai	direct-play,terminal-settlement	SOURCE_SIGNATURE_AVAILABLE	HHPDKRoomSet.java;HHPDKSetCard.java;CHHPDKCreateRoom.java;CHHPDK_CreateRoom.java;BaseCreateRoom.java;hhpdkChildCreateRoom.js	clubCostType,clubId,clubWinnerPayConsume,createType,dajusuanfen,fangfei,fangjian,gameIndex,gaoji,jiesan,jushu,kexuanwanfa,paymentRoomCardType,playerMinNum,playerNum,renshu,setCount,shoupai,xianShi,xiaojuqiepai,zhadanfenshu,zhadansuanfa	e3df452d77eb9a87367c2a3cc4e30f80e210fbf6e7d355f7fc84b6a30043ad52
191	rcwsk6	poker:510k	poker/510k-partner-capture/direct-play/terminal-settlement	PROVINCE/fujian	510k,bomb,compare-hand	direct-play,terminal-settlement	SOURCE_SIGNATURE_AVAILABLE	RCWSK6CalcPosEnd.java;RCWSK6RoomEnum.java;RCWSK6RoomSet.java;RCWSK6SetCard.java;RCWSK6SetOp.java;CRCWSK6CreateRoom.java;CRCWSK6_CreateRoom.java;BaseCreateRoom.java;rcwsk6ChildCreateRoom.js	dangdifen,dangshu,fangjian,gaoji,gou,goudifen,jiefeng,jiesan,lianmai,moshi,paishu,paymentRoomCardType,playerMinNum,playerNum,setCount,wanfa,weizhi,xianShi,yufen	20223b7bdc5baec30d9adbb09ec992b2434f4eaff717aef963f9dc6e4cf1a616
192	ljwsk4	poker:510k	poker/510k-partner-capture/direct-play/terminal-settlement	PROVINCE/fujian	510k,bomb,compare-hand	direct-play,terminal-settlement	SOURCE_SIGNATURE_AVAILABLE	LJWSK4CalcPosEnd.java;LJWSK4RoomEnum.java;LJWSK4RoomSet.java;LJWSK4SetCard.java;LJWSK4SetOp.java;CLJWSK4CreateRoom.java;CLJWSK4_CreateRoom.java;BaseCreateRoom.java;ljwsk4ChildCreateRoom.js	dangdifen,dangfen,fangjian,gaoji,goudifen,jiefeng,jiesan,lianmai,moshi,paishu,paymentRoomCardType,playerMinNum,playerNum,setCount,weizhi,xianShi	84121661b5096eff1b78612841a72d1423e4bb63e3c79aa00c854de80eccc64c
206	zznsb	poker:510k	poker/510k-partner-capture/direct-play/terminal-settlement	PROVINCE/hunan	510k,compare-hand	direct-play,terminal-settlement	SOURCE_SIGNATURE_AVAILABLE	ZZNSBCalcPosEnd.java;ZZNSBRoomEnum.java;ZZNSBRoomSet.java;ZZNSBSetCard.java;ZZNSBSetOp.java;CZZNSBCreateRoom.java;CZZNSB_CreateRoom.java;BaseCreateRoom.java;zznsbChildCreateRoom.js	difen,fangjian,gaoji,jiesan,kexuanwanfa,lianmai,paymentRoomCardType,playerMinNum,playerNum,qianfenjushuying,setCount,wanfa,xianShi	48776bfb4dbb952b2214d5ee77fce135404e82dfed9b4dadfcb232a64dfb477a
214	sdh	poker:climbing	poker/climbing/direct-play/terminal-settlement	PROVINCE/hunan	510k,compare-hand,trick-trump	direct-play,terminal-settlement	SOURCE_SIGNATURE_AVAILABLE	SDHCalcPosEnd.java;SDHRoomEnum.java;SDHRoomSet.java;SDHSetCard.java;SDHSetOp.java;CSDHCreateRoom.java;CSDH_CreateRoom.java;BaseCreateRoom.java;sdhChildCreateRoom.js	fangjian,gaoji,jiesan,kexuanwanfa,paymentRoomCardType,playerMinNum,playerNum,setCount,shufenfengding,xianShi,xiaojuqiepai	7ca8fa3b42090b2b215a3aec0cc46d3782262a0a46bb6ea09fb46d89c8b06637
228	srddz	poker:landlord	poker/landlord-climbing/pre-round-choice/terminal-settlement	PROVINCE/fujiang	bomb,compare-hand,dou-di-zhu,trick-trump	pre-round-choice,terminal-settlement	SOURCE_SIGNATURE_AVAILABLE	SRDDZCalcPosEnd.java;SRDDZRoomEnum.java;SRDDZRoomSet.java;SRDDZSetCard.java;SRDDZSetOp.java;CSRDDZCreateRoom.java;CSRDDZ_CreateRoom.java;BaseCreateRoom.java;srddzChildCreateRoom.js	dizhu,fangjian,gaoji,jiesan,kexuanwanfa,paymentRoomCardType,playerMinNum,playerNum,setCount,xianShi	aacf39f844c1e1bdb57d57663b83b8863a88d145592d10c9283b12703425ef3f
239	xgpdk	poker:pao-de-kuai	poker/shedding/direct-play/terminal-settlement	PROVINCE/hubei	bomb,pao-de-kuai	direct-play,terminal-settlement	SOURCE_SIGNATURE_AVAILABLE	XGPDKRoomSet.java;XGPDKSetCard.java;CXGPDKCreateRoom.java;CXGPDK_CreateRoom.java;BaseCreateRoom.java;xgpdkChildCreateRoom.js	clubCostType,clubId,clubWinnerPayConsume,createType,fangfei,fangjian,gameIndex,gaoji,jiesan,jushu,kexuanwanfa,paymentRoomCardType,piaoHua,piaohuaxuanze,playerMinNum,playerNum,renshu,setCount,shoupai,xianShi,zhadanfenshu,zhadansuanfa	b1a90adbef0a396a3244aa75743fbb4b6b32ebc3feaf84bbd60483e1cad65cf0
244	ygwsk	poker:510k	poker/510k-partner-capture/direct-play/terminal-settlement	PROVINCE/jiangxi	510k,bomb,compare-hand,trick-trump	direct-play,terminal-settlement	SOURCE_SIGNATURE_AVAILABLE	YGWSKCalcPosEnd.java;YGWSKRoomEnum.java;YGWSKRoomSet.java;YGWSKSetCard.java;YGWSKSetOp.java;CYGWSKCreateRoom.java;CYGWSK_CreateRoom.java;BaseCreateRoom.java;ygwskChildCreateRoom.js	fafen,fangjian,gaoji,jiesan,jiesansuanjiang,kexuanwanfa,lianmai,paymentRoomCardType,playerMinNum,playerNum,setCount,wanfa,wangpai,xianShi	ddfaa30e627a3506d4fdd3e314cb61eda3e5d8fbbc54bc894981a0a445950cf4
261	dd	poker:510k	poker/510k-partner-capture/direct-play/terminal-settlement	PROVINCE/jiangxi	510k,bomb,compare-hand	direct-play,terminal-settlement	SOURCE_SIGNATURE_AVAILABLE	DDCalcPosEnd.java;DDRoomEnum.java;DDRoomSet.java;DDSetCard.java;DDSetOp.java;CDDCreateRoom.java;CDD_CreateRoom.java;BaseCreateRoom.java;ddChildCreateRoom.js	dadu,fangjian,gaoji,jiesan,kexuanwanfa,paymentRoomCardType,playerMinNum,playerNum,setCount,wanfa,xianShi	c372ec1e65081f28841033e0993b7099f51c68ffd95eb4205988bc0d758b5da8
267	hndzp	poker:landlord	poker/landlord-climbing/direct-play/terminal-settlement	PROVINCE/hainan	compare-hand,dou-di-zhu,trick-trump	direct-play,terminal-settlement	SOURCE_SIGNATURE_AVAILABLE	HNDZPCalcPosEnd.java;HNDZPRoomEnum.java;HNDZPRoomSet.java;HNDZPSetCard.java;HNDZPSetOp.java;CHNDZPCreateRoom.java;CHNDZP_CreateRoom.java;BaseCreateRoom.java;hndzpChildCreateRoom.js	dizhu,fangjian,gaoji,jiesan,kexuanwanfa,paixingjiangli,paymentRoomCardType,playerMinNum,playerNum,setCount,wanfa,xianShi	a53551627062e54800d004f2beed63b8fd12bfac68bca23124def68049ca18cc
268	ygpdk	poker:pao-de-kuai	poker/shedding/direct-play/terminal-settlement	PROVINCE/jiangxi	bomb,pao-de-kuai	direct-play,terminal-settlement	SOURCE_SIGNATURE_AVAILABLE	YGPDKRoomSet.java;YGPDKSetCard.java;CYGPDKCreateRoom.java;CYGPDK_CreateRoom.java;BaseCreateRoom.java;ygpdkChildCreateRoom.js	clubCostType,clubId,clubWinnerPayConsume,createType,fafen,fangfei,fangjian,gameIndex,gaoji,jiesan,jushu,kexuanwanfa,paymentRoomCardType,playerMinNum,playerNum,renshu,setCount,shoupai,xianShi,zhadanfenshu,zhadansuanfa	b2a82b04b8c8bff996d3dd4bae46263dbff0a112b9241b3bb183ecf944129db3
282	bp	poker:510k	poker/510k-partner-capture/pre-round-choice/terminal-settlement	PROVINCE/jiangxi	510k,trick-trump	pre-round-choice,terminal-settlement	SOURCE_SIGNATURE_AVAILABLE	BPCalcPosEnd.java;BPRoomEnum.java;BPRoomSet.java;BPSetCard.java;BPSetOp.java;CBPCreateRoom.java;CBP_CreateRoom.java;BaseCreateRoom.java;bpChildCreateRoom.js	fangjian,gaoji,jiesan,kexuanwanfa,paymentRoomCardType,playerMinNum,playerNum,setCount,touxiang,xianShi	80be7dcb2a443eb56fba52d009d0e67b53c6684b8e8cae38a79542df4b7c898e
283	gzth	poker:510k	poker/510k-partner-capture/direct-play/terminal-settlement	PROVINCE/jiangxi	510k,bomb,compare-hand	direct-play,terminal-settlement	SOURCE_SIGNATURE_AVAILABLE	GZTHCalcPosEnd.java;GZTHRoomEnum.java;GZTHRoomSet.java;GZTHSetCard.java;GZTHSetOp.java;CGZTHCreateRoom.java;CGZTH_CreateRoom.java;BaseCreateRoom.java;gzthChildCreateRoom.js	fangjian,gaoji,jiesan,jiesanshezhi,kexuanwanfa,paymentRoomCardType,playerMinNum,playerNum,setCount,suanfen,sudu,wannengpai,xianShi,yingpaibeishu,yingpaihuafen,yongpai	323efc67caf81d7d95cfa3bebd5f79294db0c9f8970ba516649e8d8f9f17727d
305	gxcdd	poker:510k	poker/510k-partner-capture/direct-play/terminal-settlement	PROVINCE/guangxi	510k,compare-hand,pao-de-kuai	direct-play,terminal-settlement	SOURCE_SIGNATURE_AVAILABLE	GXCDDCalcPosEnd.java;GXCDDRoomEnum.java;GXCDDRoomSet.java;GXCDDSetCard.java;GXCDDSetOp.java;CGXCDDCreateRoom.java;CGXCDD_CreateRoom.java;BaseCreateRoom.java;gxcddChildCreateRoom.js	fangjian,gaoji,jiesan,kexuanwanfa,paymentRoomCardType,playerMinNum,playerNum,setCount,wanfa,xianShi	514a14118e79446f3b6b7b5eff0f0970a74e326d60a9e80067229af4e08f1f61
306	bzpdk	poker:pao-de-kuai	poker/shedding/direct-play/terminal-settlement	PROVINCE/anhui	bomb,pao-de-kuai	direct-play,terminal-settlement	SOURCE_SIGNATURE_AVAILABLE	BZPDKRoomSet.java;BZPDKSetCard.java;CBZPDKCreateRoom.java;CBZPDK_CreateRoom.java;BaseCreateRoom.java;bzpdkChildCreateRoom.js	clubCostType,clubId,clubWinnerPayConsume,createType,fangfei,fangjian,gameIndex,gaoji,jiesan,jushu,kexuanwanfa,paymentRoomCardType,playerMinNum,playerNum,renshu,setCount,shoupai,wanfa,xianShi,zhadanfenshu,zhadansuanfa	6efee83415f5b2a8f6defc7c3f2994ad49a2dc88cd2c7f4417537c5aad9f2661
309	a3pk	poker:510k	poker/510k-partner-capture/direct-play/terminal-settlement	PROVINCE/guangxi	510k,compare-hand	direct-play,terminal-settlement	SOURCE_SIGNATURE_AVAILABLE	A3PKCalcPosEnd.java;A3PKRoomEnum.java;A3PKRoomSet.java;A3PKSetCard.java;A3PKSetOp.java;CA3PKCreateRoom.java;CA3PK_CreateRoom.java;BaseCreateRoom.java;a3pkChildCreateRoom.js	fangjian,gaoji,jiesan,kexuanwanfa,paymentRoomCardType,playerMinNum,playerNum,setCount,wanfa,xianShi	11adac8fc7991983eb7f082ccb99ace2947463aaa79bcfe198117f91204fb04f
310	lkwsk	poker:510k	poker/510k-partner-capture/direct-play/terminal-settlement	PROVINCE/henan	510k,bomb,compare-hand	direct-play,terminal-settlement	SOURCE_SIGNATURE_AVAILABLE	LKWSKCalcPosEnd.java;LKWSKRoomEnum.java;LKWSKRoomSet.java;LKWSKSetCard.java;LKWSKSetOp.java;CLKWSKCreateRoom.java;CLKWSK_CreateRoom.java;BaseCreateRoom.java;lkwskChildCreateRoom.js	fangjian,gaoji,jiefeng,jiesan,kexuanwanfa,paymentRoomCardType,playerMinNum,playerNum,setCount,xianShi	5f77165a616014915cd7201a3a7040e67d17a1d88763f2447ed1bdcf8fa096e7
317	xsy	poker:pao-de-kuai	poker/shedding/direct-play/terminal-settlement	PROVINCE/guangxi	510k,compare-hand,pao-de-kuai	direct-play,terminal-settlement	SOURCE_SIGNATURE_AVAILABLE	XSYCalcPosEnd.java;XSYRoomEnum.java;XSYRoomSet.java;XSYSetCard.java;XSYSetOp.java;CXSYCreateRoom.java;CXSY_CreateRoom.java;BaseCreateRoom.java;xsyChildCreateRoom.js	fangjian,gaoji,jiesan,paymentRoomCardType,playerMinNum,playerNum,setCount,xianShi	77f1ab1a1ab56833aa8f1962732f033443a54c46afe701e1b47661f45a8803fc
319	glpp	poker:510k	poker/510k-partner-capture/direct-play/terminal-settlement	PROVINCE/guangxi	510k,compare-hand	direct-play,terminal-settlement	SOURCE_SIGNATURE_AVAILABLE	GLPPCalcPosEnd.java;GLPPRoomEnum.java;GLPPRoomSet.java;GLPPSetCard.java;GLPPSetOp.java;CGLPPCreateRoom.java;CGLPP_CreateRoom.java;BaseCreateRoom.java;glppChildCreateRoom.js	fangjian,gaoji,jiesan,kexuanwanfa,moshi,paymentRoomCardType,playerMinNum,playerNum,setCount,wanfa,xianShi	a20e276eb1d19d505d6bee362debeeae1dbf6cef6b2e03a51c908f2ce827dfe2
326	yxddz	poker:landlord	poker/landlord-climbing/pre-round-choice/terminal-settlement	PROVINCE/henan	bomb,compare-hand,dou-di-zhu,pao-de-kuai	pre-round-choice,terminal-settlement	SOURCE_SIGNATURE_AVAILABLE	YXDDZRoomSet.java;YXDDZSetCard.java;CYXDDZCreateRoom.java;CYXDDZ_CreateRoom.java;BaseCreateRoom.java;yxddzChildCreateRoom.js	difen,dizhufengding,fangjian,gaoji,jiabei,jiesan,kexuanwanfa,paymentRoomCardType,playerMinNum,playerNum,quedingdizhu,sandai,setCount,sidai,xianShi,zhadan	7e824bbcf673cc22d9b86610a218188a9b6a1bcf090fe1643edbeaa3a9475427
327	yxsrddz	poker:landlord	poker/landlord-climbing/pre-round-choice/terminal-settlement	PROVINCE/henan	compare-hand,dou-di-zhu,pao-de-kuai	pre-round-choice,terminal-settlement	SOURCE_SIGNATURE_AVAILABLE	YXSRDDZRoomSet.java;YXSRDDZSetCard.java;CYXSRDDZCreateRoom.java;CYXSRDDZ_CreateRoom.java;BaseCreateRoom.java;yxsrddzChildCreateRoom.js	difen,gaoji,jiesan,kexuanwanfa,paymentRoomCardType,playerMinNum,playerNum,setCount,xianShi,zhadan	13dcf46791bbdc1dfdde4b3432e3f7af56d412094445c624227bab6410895e1e
329	gspdk	poker:trick-taking	poker/trick-trump/direct-play/terminal-settlement	PROVINCE/henan	bomb,pao-de-kuai,trick-trump	direct-play,terminal-settlement	SOURCE_SIGNATURE_AVAILABLE	GSPDKRoomSet.java;GSPDKSetCard.java;CGSPDKCreateRoom.java;CGSPDK_CreateRoom.java;BaseCreateRoom.java;gspdkChildCreateRoom.js	clubCostType,clubId,clubWinnerPayConsume,createType,fangfei,fangjian,gameIndex,gaoji,jiesan,jushu,kexuanwanfa,paymentRoomCardType,playerMinNum,playerNum,renshu,setCount,shoupai,xianShi,xianchu,zhadanfenshu	2680a4ae29a23ed794e4c6f7cccaf16104ea12df6ebc1382bcdecafe9b744819
332	xyxxpdk	poker:pao-de-kuai	poker/shedding/direct-play/terminal-settlement	PROVINCE/henan	bomb,pao-de-kuai	direct-play,terminal-settlement	SOURCE_SIGNATURE_AVAILABLE	XYXXPDKRoomSet.java;XYXXPDKSetCard.java;CXYXXPDKCreateRoom.java;CXYXXPDK_CreateRoom.java;BaseCreateRoom.java;xyxxpdkChildCreateRoom.js	clubCostType,clubId,clubWinnerPayConsume,createType,fangfei,fangjian,gameIndex,gaoji,jiesan,jushu,kexuanwanfa,paymentRoomCardType,playerMinNum,playerNum,renshu,setCount,shoupai,sidai,xianShi,zhadanfenshu,zhadansuanfa	567ae8ddf92622e7f2ac874744803eeb4117a8464f36dfb50899597c7080643e
334	gsddz	poker:landlord	poker/landlord-climbing/pre-round-choice/terminal-settlement	PROVINCE/henan	bomb,compare-hand,dou-di-zhu,pao-de-kuai	pre-round-choice,terminal-settlement	SOURCE_SIGNATURE_AVAILABLE	GSDDZRoomSet.java;GSDDZSetCard.java;CGSDDZCreateRoom.java;CGSDDZ_CreateRoom.java;BaseCreateRoom.java;gsddzChildCreateRoom.js	dizhufengding,fangjian,gaoji,jiesan,kexuanwanfa,paymentRoomCardType,playerMinNum,playerNum,quedingdizhu,sandai,setCount,sidai,xianShi	35fa4abad30e31a4a5967c9b7b375da154f74b3f0757a592dfc0293f5b5127a2
336	nzwsk	poker:510k	poker/510k-partner-capture/direct-play/terminal-settlement	PROVINCE/henan	510k,bomb,compare-hand	direct-play,terminal-settlement	SOURCE_SIGNATURE_AVAILABLE	NZWSKCalcPosEnd.java;NZWSKRoomEnum.java;NZWSKRoomSet.java;NZWSKSetCard.java;NZWSKSetOp.java;CNZWSKCreateRoom.java;CNZWSK_CreateRoom.java;BaseCreateRoom.java;nzwskChildCreateRoom.js	difen,fangjian,fendui,gaoji,jiesan,kexuanwanfa,paymentRoomCardType,playerMinNum,playerNum,setCount,xianShi	cbd7540a7be9f249ed7278945169ca4365c0fc20d81a6aaa793477bd07810f79
338	thjgl	poker:landlord	poker/landlord-climbing/pre-round-choice/terminal-settlement	PROVINCE/henan	bomb,compare-hand,dou-di-zhu,trick-trump	pre-round-choice,terminal-settlement	SOURCE_SIGNATURE_AVAILABLE	THJGLCalcPosEnd.java;THJGLRoomEnum.java;THJGLRoomSet.java;THJGLSetCard.java;THJGLSetOp.java;CTHJGLCreateRoom.java;CTHJGL_CreateRoom.java;BaseCreateRoom.java;thjglChildCreateRoom.js	chupaishunxu,difen,fangjian,gaoji,jiesan,kexuanwanfa,paymentRoomCardType,playerMinNum,playerNum,sandai,setCount,sidai,xianShi	3afe3766f99159e35b45eea9840979541b713325f5110a3711cfa464fa0ebd69
347	glwsk	poker:510k	poker/510k-partner-capture/direct-play/terminal-settlement	PROVINCE/guangxi	510k,compare-hand	direct-play,terminal-settlement	SOURCE_SIGNATURE_AVAILABLE	GLWSKCalcPosEnd.java;GLWSKRoomEnum.java;GLWSKRoomSet.java;GLWSKSetCard.java;GLWSKSetOp.java;CGLWSKCreateRoom.java;CGLWSK_CreateRoom.java;BaseCreateRoom.java;glwskChildCreateRoom.js	fangjian,fenshu,fenzu,gaoji,jiesan,kexuanwanfa,paymentRoomCardType,playerMinNum,playerNum,setCount,xianShi,yongpai	42b9d51f60375e03d35f8fbd66bfa391eb9a13e07defb670978ac8dfd9c2d6f9
349	glsdh	poker:510k	poker/510k-partner-capture/pre-round-choice/terminal-settlement	PROVINCE/guangxi	510k,trick-trump	pre-round-choice,terminal-settlement	SOURCE_SIGNATURE_AVAILABLE	GLSDHCalcPosEnd.java;GLSDHRoomEnum.java;GLSDHRoomSet.java;GLSDHSetCard.java;GLSDHSetOp.java;CGLSDHCreateRoom.java;CGLSDH_CreateRoom.java;BaseCreateRoom.java;glsdhChildCreateRoom.js	baoguangfen,fangjian,gaoji,jichujifen,jiesan,kexuanwanfa,paymentRoomCardType,playerMinNum,playerNum,setCount,xianShi	638f8d81ebecd8ab81e1af366c5cd10119e733b3f5564fb31250e27b96a7ef9a
376	sd	poker:climbing	poker/climbing/direct-play/terminal-settlement	PROVINCE/shanxisheng	bomb,compare-hand	direct-play,terminal-settlement	SOURCE_SIGNATURE_AVAILABLE	SDCalcPosEnd.java;SDRoomEnum.java;SDRoomSet.java;SDSetCard.java;SDSetOp.java;CSDCreateRoom.java;CSD_CreateRoom.java;BaseCreateRoom.java;sdChildCreateRoom.js	clubCostType,clubId,clubWinnerPayConsume,createType,fangfei,fangjian,fengDing,gameIndex,gaoji,jiesan,jushu,kexuanwanfa,paymentRoomCardType,playerMinNum,playerNum,renshu,ruanying,sanren,setCount,xianShi,zhadan,zhadansuanfen	b122c679b378d4c64f1e0ad4d615a6fbde3a3b6e7549fde9e399323352d6d6ab
379	gz	poker:510k	poker/510k-partner-capture/direct-play/terminal-settlement	PROVINCE/jiangxi	510k,bomb,compare-hand	direct-play,terminal-settlement	SOURCE_SIGNATURE_AVAILABLE	GZCalcPosEnd.java;GZRoomEnum.java;GZRoomSet.java;GZSetCard.java;GZSetOp.java;CGZCreateRoom.java;CGZ_CreateRoom.java;BaseCreateRoom.java;gzChildCreateRoom.js	fangjian,gaoji,jiawang,jiesan,jiesansuanjiang,kexuanwanfa,moshi,paymentRoomCardType,playerMinNum,playerNum,setCount,wujiang,xianShi	a438b5c1db43e1c9b2c0fd625e72ecc54121a7e433103a687d60f9f8e0af696d
380	hcpdk	poker:trick-taking	poker/trick-trump/direct-play/terminal-settlement	PROVINCE/henan	bomb,pao-de-kuai,trick-trump	direct-play,terminal-settlement	SOURCE_SIGNATURE_AVAILABLE	HCPDKRoomSet.java;HCPDKSetCard.java;CHCPDKCreateRoom.java;CHCPDK_CreateRoom.java;BaseCreateRoom.java;hcpdkChildCreateRoom.js	a3zha,clubCostType,clubId,clubWinnerPayConsume,createType,fangfei,fangjian,gameIndex,gaoji,jiesan,jushu,kexuanwanfa,paymentRoomCardType,playerMinNum,playerNum,renshu,sandai,setCount,shoupai,xianShi,xianchu,zhadanfenshu	6090f73b0d71f7aaddc53908aa58650d78e0c3993222f91502c5043efae170a6
381	jawz	poker:510k	poker/510k-partner-capture/direct-play/terminal-settlement	PROVINCE/jiangxi	510k,bomb,compare-hand	direct-play,terminal-settlement	SOURCE_SIGNATURE_AVAILABLE	JAWZCalcPosEnd.java;JAWZRoomEnum.java;JAWZRoomSet.java;JAWZSetCard.java;JAWZSetOp.java;CJAWZCreateRoom.java;CJAWZ_CreateRoom.java;BaseCreateRoom.java;jawzChildCreateRoom.js	fangjian,gaoji,jiesan,jifen,kexuanwanfa,moshi,paymentRoomCardType,playerMinNum,playerNum,setCount,shuyingfenshu,wanfa,xianShi	57f7c144880dafb822a43ebcaa1d570d0c5d158b29ed340461a0786373ef4e37
385	fczha	poker:510k	poker/510k-partner-capture/direct-play/terminal-settlement	PROVINCE/henan	510k,bomb,compare-hand,pao-de-kuai	direct-play,terminal-settlement	SOURCE_SIGNATURE_AVAILABLE	FCZHACalcPosEnd.java;FCZHARoomEnum.java;FCZHARoomSet.java;FCZHASetCard.java;FCZHASetOp.java;CFCZHACreateRoom.java;CFCZHA_CreateRoom.java;BaseCreateRoom.java;fczhaChildCreateRoom.js	difen,fangjian,fendui,gaoji,jiesan,kexuanwanfa,paymentRoomCardType,playerMinNum,playerNum,setCount,xianShi	70768cc0f3aa664072f7477957c521a60fbf133a674b296c665f6c9cb4303ae9
389	zd	poker:510k	poker/510k-partner-capture/direct-play/terminal-settlement	PROVINCE/jiangsu	510k,bomb,compare-hand	direct-play,terminal-settlement	SOURCE_SIGNATURE_AVAILABLE	ZDCalcPosEnd.java;ZDRoomEnum.java;ZDRoomSet.java;ZDSetCard.java;ZDSetOp.java;CZDCreateRoom.java;CZD_CreateRoom.java;BaseCreateRoom.java;zdChildCreateRoom.js	beishu,difen,fangjian,gaoji,jiesan,kexuanwanfa,paymentRoomCardType,playerMinNum,playerNum,setCount,xianShi	bba5f890597548e4d2e62ed9e1e730212cf456c491ee917c064183f210dc7624
392	cp	poker:compare-hand	poker/compare-hand/direct-play/terminal-settlement	PROVINCE/chongqing	510k,compare-hand	direct-play,terminal-settlement	SOURCE_SIGNATURE_AVAILABLE	CPCalcPosEnd.java;CPRoomEnum.java;CPRoomSet.java;CPSetCard.java;CPSetOp.java;CCPCreateRoom.java;CCP_CreateRoom.java;BaseCreateRoom.java;cpChildCreateRoom.js	difen,fangjian,fanshushangxian,gaoji,jiesan,kexuanwanfa,moshi,paymentRoomCardType,playerMinNum,playerNum,setCount,wanfa,xianShi	f898806fdf20c9f4fd8e0a47b164654d7ece6405d5df65e792571a9c2e939112
394	cqcp	poker:510k	poker/510k-partner-capture/pre-round-choice/terminal-settlement	PROVINCE/chongqing	510k,trick-trump	pre-round-choice,terminal-settlement	SOURCE_SIGNATURE_AVAILABLE	CQCPCalcPosEnd.java;CQCPRoomEnum.java;CQCPRoomSet.java;CQCPSetCard.java;CQCPSetOp.java;CCQCPCreateRoom.java;CCQCP_CreateRoom.java;BaseCreateRoom.java;cqcpChildCreateRoom.js	difen,fangjian,fengDing,gaoji,jiesan,kexuanwanfa,moshi,paymentRoomCardType,playerMinNum,playerNum,renshu,setCount,xianShi	5d67ded8bc3cae5f26b12989444d5dae2ea638511540e0a43963d91b5aaf5efe
401	scpk	poker:510k	poker/510k-partner-capture/direct-play/terminal-settlement	PROVINCE/liaoning	510k,bomb,compare-hand	direct-play,terminal-settlement	SOURCE_SIGNATURE_AVAILABLE	SCPKCalcPosEnd.java;SCPKRoomEnum.java;SCPKRoomSet.java;SCPKSetCard.java;SCPKSetOp.java;CSCPKCreateRoom.java;CSCPK_CreateRoom.java;BaseCreateRoom.java;scpkChildCreateRoom.js	difen,fangjian,gaoji,jiesan,kexuanwanfa,paymentRoomCardType,playerMinNum,playerNum,setCount,xianShi	c3a9d0e42b0f1acfa12a45fc13fa2fe46909ad383a6629956e0c49b99012d671
405	thkb	poker:pao-de-kuai	poker/shedding/direct-play/terminal-settlement	PROVINCE/jiangxi	510k,bomb,compare-hand,pao-de-kuai	direct-play,terminal-settlement	SOURCE_SIGNATURE_AVAILABLE	THKBCalcPosEnd.java;THKBRoomEnum.java;THKBRoomSet.java;THKBSetCard.java;THKBSetOp.java;CTHKBCreateRoom.java;CTHKB_CreateRoom.java;BaseCreateRoom.java;thkbChildCreateRoom.js	fangjian,gaoji,jiesan,kexuanwanfa,paymentRoomCardType,playerMinNum,playerNum,setCount,xianShi,youximoshi	7c60db54c8419de2d138e4bcd8ae65e247ec73c6926ea475bfe4197faaa7be18
406	tsdg	poker:510k	poker/510k-partner-capture/direct-play/terminal-settlement	PROVINCE/hubei	510k,bomb,compare-hand	direct-play,terminal-settlement	SOURCE_SIGNATURE_AVAILABLE	TSDGCalcPosEnd.java;TSDGRoomEnum.java;TSDGRoomSet.java;TSDGSetCard.java;TSDGSetOp.java;CTSDGCreateRoom.java;CTSDG_CreateRoom.java;BaseCreateRoom.java;tsdgChildCreateRoom.js	fangjian,gaoji,jiesan,paymentRoomCardType,playerMinNum,playerNum,setCount,xianShi	d13c758586b6948f6dc16f0c6c95d4110473c57c42d14c5e6da6cf6b45c45df2
409	sdb	poker:betting	poker/betting/direct-play/terminal-settlement	PROVINCE/guizhou	betting	direct-play,terminal-settlement	SOURCE_SIGNATURE_AVAILABLE	SDBCalcPosEnd.java;SDBRoomEnum.java;SDBRoomSet.java;SDBSetCard.java;CSDBCreateRoom.java;CSDB_CreateRoom.java;BaseCreateRoom.java;sdbChildCreateRoom.js	""	21c13359ddefbb713771ab0b6ac4f770caf2f5f506cd6d86970230afe04f089b
411	qcdg	poker:510k	poker/510k-partner-capture/direct-play/terminal-settlement	PROVINCE/hubei	510k,bomb,compare-hand,trick-trump	direct-play,terminal-settlement	SOURCE_SIGNATURE_AVAILABLE	QCDGCalcPosEnd.java;QCDGRoomEnum.java;QCDGRoomSet.java;QCDGSetCard.java;QCDGSetOp.java;CQCDGCreateRoom.java;CQCDG_CreateRoom.java;BaseCreateRoom.java;qcdgChildCreateRoom.js	fangjian,gaoji,jiesan,kexuanwanfa,laizi,moyouzhuafen,paymentRoomCardType,playerMinNum,playerNum,setCount,xianShi	b2290a801704820d32ee4fc15d4fb8e6ca680e78a2c11780a42039f61b79166f
413	qbsk	poker:510k	poker/510k-partner-capture/direct-play/terminal-settlement	PROVINCE/zhejiang	510k,bomb,compare-hand	direct-play,terminal-settlement	SOURCE_SIGNATURE_AVAILABLE	QBSKCalcPosEnd.java;QBSKRoomEnum.java;QBSKRoomSet.java;QBSKSetCard.java;QBSKSetOp.java;CQBSKCreateRoom.java;CQBSK_CreateRoom.java;BaseCreateRoom.java;qbskChildCreateRoom.js	difen,fangjian,gaoji,jiesan,paymentRoomCardType,playerMinNum,playerNum,setCount,xianShi	4dce37094b3a584025e4eb0147dc4e3a0a0c2e125ff19ed00a9b28315c2c61c3
415	ctpk	poker:climbing	poker/climbing/direct-play/terminal-settlement	PROVINCE/yunnan	bomb,compare-hand	direct-play,terminal-settlement	SOURCE_SIGNATURE_AVAILABLE	CTPKCalcPosEnd.java;CTPKRoomEnum.java;CTPKRoomSet.java;CTPKSetCard.java;CTPKSetOp.java;CCTPKCreateRoom.java;CCTPK_CreateRoom.java;BaseCreateRoom.java;ctpkChildCreateRoom.js	difen,fangjian,gaoji,jiesan,paymentRoomCardType,playerMinNum,playerNum,setCount,xianShi	bb7fc37917a2c6c400273cae7cbf01f61a4b3c45fc39fa33b0a787293984c51c
417	zlmz	poker:pao-de-kuai	poker/shedding/direct-play/terminal-settlement	PROVINCE/ningxia	bomb,compare-hand,pao-de-kuai	direct-play,terminal-settlement	SOURCE_SIGNATURE_AVAILABLE	ZLMZCalcPosEnd.java;ZLMZRoomEnum.java;ZLMZRoomSet.java;ZLMZSetCard.java;ZLMZSetOp.java;CZLMZCreateRoom.java;CZLMZ_CreateRoom.java;BaseCreateRoom.java;zlmzChildCreateRoom.js	fangjian,gaoji,jiesan,kexuanwanfa,kongzha,paymentRoomCardType,playerMinNum,playerNum,setCount,shouchu,tianzha,xianShi,zhadan	e4db5f9eb12fe6519e0b2a0ca4762d87fa703cb559a2d83d9cd455339fa878e3
418	st	poker:510k	poker/510k-partner-capture/direct-play/terminal-settlement	PROVINCE/jiangxi	510k,bomb,compare-hand	direct-play,terminal-settlement	SOURCE_SIGNATURE_AVAILABLE	STCalcPosEnd.java;STRoomEnum.java;STRoomSet.java;STSetCard.java;STSetOp.java;CSTCreateRoom.java;CST_CreateRoom.java;BaseCreateRoom.java;stChildCreateRoom.js	difen,fangjian,gaoji,jiesan,kexuanwanfa,paymentRoomCardType,playerMinNum,playerNum,setCount,wanfa,xianShi	7ef604522385fc47cb92ff16f6ce25be2d5d61d31250f3bf0fc71039a7168fbc
419	wk	poker:compare-hand	poker/compare-hand/direct-play/terminal-settlement	PROVINCE/shanxisheng	bomb,compare-hand	direct-play,terminal-settlement	SOURCE_SIGNATURE_AVAILABLE	WKCalcPosEnd.java;WKRoomEnum.java;WKRoomSet.java;WKSetCard.java;WKSetOp.java;CWKCreateRoom.java;CWK_CreateRoom.java;BaseCreateRoom.java;wkChildCreateRoom.js	fangjian,fengDing,gaoji,jiesan,kexuanwanfa,kongzha,paymentRoomCardType,playerMinNum,playerNum,setCount,wanfa,xianShi,zhadanfengding	deb2d5b3d03a746187f0ff6112416339c222a47909715f00f23057b8d576e280
454	hw	poker:510k	poker/510k-partner-capture/direct-play/terminal-settlement	PROVINCE/liaoning	510k,compare-hand	direct-play,terminal-settlement	SOURCE_SIGNATURE_AVAILABLE	HWCalcPosEnd.java;HWRoomEnum.java;HWRoomSet.java;HWSetCard.java;HWSetOp.java;CHWCreateRoom.java;CHW_CreateRoom.java;BaseCreateRoom.java;hwChildCreateRoom.js	difen,fangjian,gaoji,jiesan,kexuanwanfa,paymentRoomCardType,playerMinNum,playerNum,setCount,xianShi	8180da9bbdf121bdff55d6fcb91c14e938a94a7897fa919aa54df56418b40395
455	bxmd	poker:510k	poker/510k-partner-capture/direct-play/terminal-settlement	PROVINCE/liaoning	510k,bomb,compare-hand	direct-play,terminal-settlement	SOURCE_SIGNATURE_AVAILABLE	BXMDCalcPosEnd.java;BXMDRoomEnum.java;BXMDRoomSet.java;BXMDSetCard.java;BXMDSetOp.java;CBXMDCreateRoom.java;CBXMD_CreateRoom.java;BaseCreateRoom.java;bxmdChildCreateRoom.js	difen,fangjian,gaoji,guodi,jiesan,kexuanwanfa,paishu,paymentRoomCardType,playerMinNum,playerNum,setCount,xianShi	3262d217916352b9c673add16a31ed8d0e67a82832cb05558666d400e90568a6
456	qwwes	poker:pao-de-kuai	poker/shedding/direct-play/terminal-settlement	PROVINCE/fujian	510k,compare-hand,pao-de-kuai	direct-play,terminal-settlement	SOURCE_SIGNATURE_AVAILABLE	QWWESCalcPosEnd.java;QWWESRoomEnum.java;QWWESRoomSet.java;QWWESSetCard.java;QWWESSetOp.java;CQWWESCreateRoom.java;CQWWES_CreateRoom.java;BaseCreateRoom.java;qwwesChildCreateRoom.js	fangjian,gaoji,jiesan,kexuanwanfa,paymentRoomCardType,playerMinNum,playerNum,setCount,xianShi	5b98ca31abd59fb33608f3b6d5daa99b63bddd15145ea8da53ec9416d882ac72
457	japdk	poker:pao-de-kuai	poker/shedding/direct-play/terminal-settlement	PROVINCE/jiangxi	bomb,pao-de-kuai	direct-play,terminal-settlement	SOURCE_SIGNATURE_AVAILABLE	JAPDKRoomSet.java;JAPDKSetCard.java;CJAPDKCreateRoom.java;CJAPDK_CreateRoom.java;BaseCreateRoom.java;japdkChildCreateRoom.js	clubCostType,clubId,clubWinnerPayConsume,createType,fangfei,fangjian,gameIndex,gaoji,jiesan,jushu,kexuanwanfa,paymentRoomCardType,playerMinNum,playerNum,renshu,setCount,shoupai,sidai,xianShi,zhadanfenshu,zhadansuanfa	5628c7f6c4265952bd7be431fbb67dea194c56c00ddbfd30300bd53bf50a3699
458	bsl	poker:climbing	poker/climbing/direct-play/terminal-settlement	PROVINCE/fujian	510k	direct-play,terminal-settlement	SOURCE_SIGNATURE_AVAILABLE	BSLCalcPosEnd.java;BSLRoomEnum.java;BSLRoomSet.java;BSLSetCard.java;BSLSetOp.java;CBSLCreateRoom.java;CBSL_CreateRoom.java;BaseCreateRoom.java;bslChildCreateRoom.js	""	fce8443278c386f0b13e94413992b2fbd6d28707854355867541612e8bee64dd
461	py	poker:510k	poker/510k-partner-capture/direct-play/terminal-settlement	PROVINCE/shandong	510k,bomb,compare-hand	direct-play,terminal-settlement	SOURCE_SIGNATURE_AVAILABLE	PYCalcPosEnd.java;PYRoomEnum.java;PYRoomSet.java;PYSetCard.java;PYSetOp.java;CPYCreateRoom.java;CPY_CreateRoom.java;BaseCreateRoom.java;pyChildCreateRoom.js	difen,fangjian,gaoji,jiesan,kexuanwanfa,paymentRoomCardType,playerMinNum,playerNum,setCount,wanfa,xianShi	e4b32ab3d5087fe56321fc5a9b76e091403be0a7e6ede13f3ff1081da68ab715
464	qdbh	poker:510k	poker/510k-partner-capture/direct-play/terminal-settlement	PROVINCE/shandong	510k,compare-hand	direct-play,terminal-settlement	SOURCE_SIGNATURE_AVAILABLE	QDBHCalcPosEnd.java;QDBHRoomEnum.java;QDBHRoomSet.java;QDBHSetCard.java;QDBHSetOp.java;CQDBHCreateRoom.java;CQDBH_CreateRoom.java;BaseCreateRoom.java;qdbhChildCreateRoom.js	difen,fangjian,gaoji,jiesan,kexuanwanfa,paymentRoomCardType,playerMinNum,playerNum,setCount,xianShi	98ca0773aab77663b88d9f64c88125004b0ec535134cfbfc78a6f09847cc9e49
465	twgz	poker:510k	poker/510k-partner-capture/direct-play/terminal-settlement	PROVINCE/taiwan	510k,trick-trump	direct-play,terminal-settlement	SOURCE_SIGNATURE_AVAILABLE	TWGZCalcPosEnd.java;TWGZRoomEnum.java;TWGZRoomSet.java;TWGZSetCard.java;TWGZSetOp.java;CTWGZCreateRoom.java;CTWGZ_CreateRoom.java;BaseCreateRoom.java;twgzChildCreateRoom.js	fangjian,gaoji,hongtaofenzhi,hongtaoliangpai,jiesan,kexuanwanfa,liangpai,paymentRoomCardType,playerMinNum,playerNum,setCount,shouchu,siren,wanfa,xianShi	14c1ae59cc0be6ce4092ba3631f1e0d83c3b30729743d90a17a6abb42d34f9ef
467	jxndpdk	poker:pao-de-kuai	poker/shedding/direct-play/terminal-settlement	PROVINCE/jiangxi	bomb,pao-de-kuai	direct-play,terminal-settlement	SOURCE_SIGNATURE_AVAILABLE	JXNDPDKRoomSet.java;JXNDPDKSetCard.java;CJXNDPDKCreateRoom.java;CJXNDPDK_CreateRoom.java;BaseCreateRoom.java;jxndpdkChildCreateRoom.js	clubCostType,clubId,clubWinnerPayConsume,createType,fangfei,fangjian,gameIndex,gaoji,jiesan,jushu,kexuanwanfa,paymentRoomCardType,playerMinNum,playerNum,renshu,setCount,shoupai,sidai,xianShi,zhadanfenshu,zhadansuanfa	6b59d29fd0b3b24f0082b8cbdd795dc3fbf6c172f3e9d6fd9e3371f904d83943
468	wfbh	poker:510k	poker/510k-partner-capture/direct-play/terminal-settlement	PROVINCE/shandong	510k,compare-hand	direct-play,terminal-settlement	SOURCE_SIGNATURE_AVAILABLE	WFBHCalcPosEnd.java;WFBHRoomEnum.java;WFBHRoomSet.java;WFBHSetCard.java;WFBHSetOp.java;CWFBHCreateRoom.java;CWFBH_CreateRoom.java;BaseCreateRoom.java;wfbhChildCreateRoom.js	difen,fangjian,gaoji,jiesan,kexuanwanfa,paixingdaxiao,paymentRoomCardType,playerMinNum,playerNum,setCount,wanfa,xianShi	826e1f1c429f4217f93abb8c293f799f16dc5aed9be50500f01c5a0f3f6ced14
469	jxyz	poker:510k	poker/510k-partner-capture/direct-play/terminal-settlement	PROVINCE/zhejiang	510k,bomb,compare-hand	direct-play,terminal-settlement	SOURCE_SIGNATURE_AVAILABLE	JXYZCalcPosEnd.java;JXYZRoomEnum.java;JXYZRoomSet.java;JXYZSetCard.java;JXYZSetOp.java;CJXYZCreateRoom.java;CJXYZ_CreateRoom.java;BaseCreateRoom.java;jxyzChildCreateRoom.js	fangjian,gaoji,jiesan,kexuanwanfa,paymentRoomCardType,playerMinNum,playerNum,setCount,xianShi	89f196fc2d2d8a97e6e0c6f7e6c2eac8c6d4e850e54e5a0642ccdc7fd97fb2bf
472	gj	poker:510k	poker/510k-partner-capture/direct-play/terminal-settlement	PROVINCE/tianjin	510k,bomb,compare-hand	direct-play,terminal-settlement	SOURCE_SIGNATURE_AVAILABLE	GJCalcPosEnd.java;GJRoomEnum.java;GJRoomSet.java;GJSetCard.java;GJSetOp.java;CGJCreateRoom.java;CGJ_CreateRoom.java;BaseCreateRoom.java;gjChildCreateRoom.js	fangjian,fenzu,gaoji,jiesan,jingong,jingongshunxu,kexuanwanfa,moshi,paymentRoomCardType,playerMinNum,playerNum,setCount,xianShi	a84ec467ceadae2f6956654ccbe0f98eb832d898242b3497ba92298550ce9e0e
474	pysft	poker:510k	poker/510k-partner-capture/direct-play/terminal-settlement	PROVINCE/zhejiang	510k,bomb,compare-hand,pao-de-kuai	direct-play,terminal-settlement	SOURCE_SIGNATURE_AVAILABLE	PYSFTCalcPosEnd.java;PYSFTRoomEnum.java;PYSFTRoomSet.java;PYSFTSetCard.java;PYSFTSetOp.java;CPYSFTCreateRoom.java;CPYSFT_CreateRoom.java;BaseCreateRoom.java;pysftChildCreateRoom.js	difen,fangjian,gaoji,jiesan,kexuanwanfa,paymentRoomCardType,playerMinNum,playerNum,setCount,xianShi	184bb16b6b3d1b7381e3861f14a97687653bfb0d4d11c11d38f41b121acf7781
475	cdp	poker:510k	poker/510k-partner-capture/pre-round-choice/terminal-settlement	PROVINCE/hunan	510k,trick-trump	pre-round-choice,terminal-settlement	SOURCE_SIGNATURE_AVAILABLE	CDPCalcPosEnd.java;CDPRoomEnum.java;CDPRoomSet.java;CDPSetCard.java;CCDPCreateRoom.java;CCDP_CreateRoom.java;BaseCreateRoom.java;cdpChildCreateRoom.js	fangjian,gaoji,jiesan,kexuanwanfa,moshi,paymentRoomCardType,playerMinNum,playerNum,setCount,shufenfengding,xianShi	762715b320d627c7fa825ab63db3edffc40dd04d288b5e87e1a944d9701fab5e
476	wxls	poker:compare-hand	poker/compare-hand/direct-play/terminal-settlement	PROVINCE/jiangsu	compare-hand	direct-play,terminal-settlement	SOURCE_SIGNATURE_AVAILABLE	WXLSRoomSet.java;WXLSRoomEnum.java;CWXLSCreateRoom.java;SWXLS_CreateRoom.java;BaseCreateRoom.java;wxlsChildCreateRoom.js	fangjian,gaoji,jiesan,kexuanwanfa,paymentRoomCardType,playerMinNum,playerNum,setCount,xianShi	d96e71f53d281a8c3df34f8f89aa55189ee715613d2be0ee622cef471e05e674
477	jxhs	poker:510k	poker/510k-partner-capture/direct-play/terminal-settlement	PROVINCE/zhejiang	510k,bomb,compare-hand	direct-play,terminal-settlement	SOURCE_SIGNATURE_AVAILABLE	JXHSCalcPosEnd.java;JXHSRoomEnum.java;JXHSRoomSet.java;JXHSSetCard.java;JXHSSetOp.java;CJXHSCreateRoom.java;CJXHS_CreateRoom.java;BaseCreateRoom.java;jxhsChildCreateRoom.js	fangjian,gaoji,jiefeng,jiesan,kexuanwanfa,paymentRoomCardType,playerMinNum,playerNum,setCount,xianShi	e1b9563fb4090e8efd5e06a990ed65d34041bac22c14684a1b499fcd1860ca65
478	zgz	poker:510k	poker/510k-partner-capture/direct-play/terminal-settlement	PROVINCE/shanxi	510k,bomb,compare-hand,pao-de-kuai	direct-play,terminal-settlement	SOURCE_SIGNATURE_AVAILABLE	ZGZCalcPosEnd.java;ZGZRoomEnum.java;ZGZRoomSet.java;ZGZSetCard.java;ZGZSetOp.java;CZGZCreateRoom.java;CZGZ_CreateRoom.java;BaseCreateRoom.java;zgzChildCreateRoom.js	difen,fangjian,gaoji,jiesan,kexuanwanfa,paymentRoomCardType,playerMinNum,playerNum,setCount,xianShi	12993c100ef89666f73df977276e9f19dde1db4da0636cd9600b8be6e239fea7
479	dda	poker:trick-taking	poker/trick-trump/direct-play/terminal-settlement	PROVINCE/neimenggu	510k,trick-trump	direct-play,terminal-settlement	SOURCE_SIGNATURE_AVAILABLE	DDACalcPosEnd.java;DDARoomEnum.java;DDARoomSet.java;DDASetCard.java;DDASetOp.java;CDDACreateRoom.java;CDDA_CreateRoom.java;BaseCreateRoom.java;ddaChildCreateRoom.js	fangjian,gaoji,jiesan,kexuanwanfa,paymentRoomCardType,playerMinNum,playerNum,setCount,xianShi	7fa548ed7055224b200fdd6050f9e7ed3f374cd8d992004c1b18ec97b32b0f7d
480	sstx	poker:510k	poker/510k-partner-capture/direct-play/terminal-settlement	PROVINCE/anhui	510k,bomb,compare-hand,trick-trump	direct-play,terminal-settlement	SOURCE_SIGNATURE_AVAILABLE	SSTXCalcPosEnd.java;SSTXRoomEnum.java;SSTXRoomSet.java;SSTXSetCard.java;SSTXSetOp.java;CSSTXCreateRoom.java;CSSTX_CreateRoom.java;BaseCreateRoom.java;sstxChildCreateRoom.js	difen,fangjian,gaoji,jiesan,kexuanwanfa,paymentRoomCardType,playerMinNum,playerNum,setCount,xianShi	727f635296340cd700554ab0ad9f676fc38634449ea817fe7493f76643537bc4
481	sys	poker:510k	poker/510k-partner-capture/direct-play/terminal-settlement	PROVINCE/liaoning	510k,bomb,compare-hand	direct-play,terminal-settlement	SOURCE_SIGNATURE_AVAILABLE	SYSCalcPosEnd.java;SYSRoomEnum.java;SYSRoomSet.java;SYSSetCard.java;SYSSetOp.java;CSYSCreateRoom.java;CSYS_CreateRoom.java;BaseCreateRoom.java;sysChildCreateRoom.js	fangjian,gaoji,jiesan,kexuanwanfa,paymentRoomCardType,playerMinNum,playerNum,setCount,xianShi	fb121d3ed1595b36ab2256f73ce4486589f219b363feadb56d62982b7708524f
482	dqdz	poker:510k	poker/510k-partner-capture/direct-play/terminal-settlement	PROVINCE/zhejiang	510k,bomb,compare-hand,trick-trump	direct-play,terminal-settlement	SOURCE_SIGNATURE_AVAILABLE	DQDZCalcPosEnd.java;DQDZRoomEnum.java;DQDZRoomSet.java;DQDZSetCard.java;DQDZSetOp.java;CDQDZCreateRoom.java;CDQDZ_CreateRoom.java;BaseCreateRoom.java	""	689b5c6f002903a2e5bddcbb0ef554278aea586bf3b20a6a53ef8a29a98c541a
483	whbh	poker:510k	poker/510k-partner-capture/direct-play/terminal-settlement	PROVINCE/shandong	510k,compare-hand	direct-play,terminal-settlement	SOURCE_SIGNATURE_AVAILABLE	WHBHCalcPosEnd.java;WHBHRoomEnum.java;WHBHRoomSet.java;WHBHSetCard.java;WHBHSetOp.java;CWHBHCreateRoom.java;CWHBH_CreateRoom.java;BaseCreateRoom.java	""	2e94b6d79558be9cdbd0295c3ef5fbcc5636f87804d7b39f8b86aab6653bb9ef
484	xsdq	poker:510k	poker/510k-partner-capture/pre-round-choice/terminal-settlement	PROVINCE/hubei	510k,compare-hand,trick-trump	pre-round-choice,terminal-settlement	SOURCE_SIGNATURE_AVAILABLE	XSDQCalcPosEnd.java;XSDQRoomEnum.java;XSDQRoomSet.java;XSDQSetCard.java;XSDQSetOp.java;CXSDQCreateRoom.java;CXSDQ_CreateRoom.java;BaseCreateRoom.java;xsdqChildCreateRoom.js	duiwu,fangjian,gaoji,jiesan,kexuanwanfa,paymentRoomCardType,playerMinNum,playerNum,setCount,wurenjiaozhu,xianShi	2e1ca0f690a4628eca734597dd1c9dc1d98d94b44ca80fd470e954e29e933d20
485	esyd	poker:betting	poker/betting/direct-play/terminal-settlement	PROVINCE/taiwan	510k,betting	direct-play,terminal-settlement	SOURCE_SIGNATURE_AVAILABLE	ESYDCalcPosEnd.java;ESYDRoomEnum.java;ESYDRoomSet.java;ESYDSetCard.java;ESYDSetOp.java;CESYDCreateRoom.java;CESYD_CreateRoom.java;BaseCreateRoom.java	""	aca3c2a363b996679800beaa1d9c8b157dd3c4565253e57171e2eded351bf90e
486	xywsk	poker:510k	poker/510k-partner-capture/direct-play/terminal-settlement	PROVINCE/jiangxi	510k,bomb,compare-hand	direct-play,terminal-settlement	SOURCE_SIGNATURE_AVAILABLE	XYWSKCalcPosEnd.java;XYWSKRoomEnum.java;XYWSKRoomSet.java;XYWSKSetCard.java;XYWSKSetOp.java;CXYWSKCreateRoom.java;CXYWSK_CreateRoom.java;BaseCreateRoom.java;xywskChildCreateRoom.js	fangjian,gaoji,jiesan,kexuanwanfa,lianmai,paymentRoomCardType,playerMinNum,playerNum,setCount,wanfa,xianShi	831452194c3e2e9150093a9e9eb4fa44d92073d6478091d4187a1e62c1746eb2
487	szd	poker:generic-card-round	poker/generic-card-round/direct-play/terminal-settlement	PROVINCE/taiwan	510k	direct-play,terminal-settlement	SOURCE_SIGNATURE_AVAILABLE	SZDCalcPosEnd.java;SZDRoomEnum.java;SZDRoomSet.java;SZDSetCard.java;SZDSetOp.java;CSZDCreateRoom.java;CSZD_CreateRoom.java;BaseCreateRoom.java;szdChildCreateRoom.js	bipai,difen,duizi,fangjian,gaoji,jiesan,kexuanwanfa,maipai,paymentRoomCardType,playerMinNum,playerNum,setCount,shangxian,xianShi,yongpai	bb3d895812fd515c83902c5d1ae118ba26c39cb7a30f7d7d2376a687d3d59bdd
488	sglk	poker:510k	poker/510k-partner-capture/direct-play/terminal-settlement	PROVINCE/jiangxi	510k,bomb,compare-hand	direct-play,terminal-settlement	SOURCE_SIGNATURE_AVAILABLE	SGLKCalcPosEnd.java;SGLKRoomEnum.java;SGLKRoomSet.java;SGLKSetCard.java;SGLKSetOp.java;CSGLKCreateRoom.java;CSGLK_CreateRoom.java;BaseCreateRoom.java;sglkChildCreateRoom.js	chongguan,fangjian,gaoji,jiesan,kexuanwanfa,paymentRoomCardType,playerMinNum,playerNum,setCount,xianShi	79d7e37265a085623cf9ca372ed4de8c520e8484ae41f45c1ed101845cd24542
489	ttz	poker:compare-hand	poker/compare-hand/direct-play/terminal-settlement	PROVINCE/taiwan	betting,compare-hand	direct-play,terminal-settlement	SOURCE_SIGNATURE_AVAILABLE	TTZCalcPosEnd.java;TTZRoomSet.java;TTZSetCard.java;TTZRoomEnum.java;CTTZCreateRoom.java;CTTZ_CreateRoom.java;BaseCreateRoom.java	""	72e52ccbca8bbb334c246c062b97778109ffa1a27e3f3469f8bc15453f41604c
492	fcsj	poker:510k	poker/510k-partner-capture/direct-play/terminal-settlement	PROVINCE/jiangxi	510k,bomb,compare-hand,trick-trump	direct-play,terminal-settlement	SOURCE_SIGNATURE_AVAILABLE	FCSJCalcPosEnd.java;FCSJRoomEnum.java;FCSJRoomSet.java;FCSJSetCard.java;FCSJSetOp.java;CFCSJCreateRoom.java;CFCSJ_CreateRoom.java;BaseCreateRoom.java;fcsjChildCreateRoom.js	difen,fangjian,gaoji,jiesan,kexuanwanfa,paymentRoomCardType,playerMinNum,playerNum,setCount,shoupaishuliang,xianShi	11168e9b2d1a0c988e7515af229d82a4b55b17505d9273aa8bf8b3ac762f9555
495	fcgp	poker:510k	poker/510k-partner-capture/direct-play/terminal-settlement	PROVINCE/jiangxi	510k,bomb,compare-hand	direct-play,terminal-settlement	SOURCE_SIGNATURE_AVAILABLE	FCGPCalcPosEnd.java;FCGPRoomEnum.java;FCGPRoomSet.java;FCGPSetCard.java;FCGPSetOp.java;CFCGPCreateRoom.java;CFCGP_CreateRoom.java;BaseCreateRoom.java;fcgpChildCreateRoom.js	chupai,difen,fangjian,gaoji,jiesan,kexuanwanfa,paymentRoomCardType,playerMinNum,playerNum,setCount,xianShi	34bc86bfbb87976d6b8b4a328308411156787fcc2ec908b2fe37fc1e07c108be
496	jlpk	poker:compare-hand	poker/compare-hand/direct-play/terminal-settlement	PROVINCE/hunan	compare-hand	direct-play,terminal-settlement	SOURCE_SIGNATURE_AVAILABLE	JLPKCalcPosEnd.java;JLPKRoomEnum.java;JLPKRoomSet.java;JLPKSetCard.java;JLPKSetOp.java;JLPKHuUtil.java;CJLPKCreateRoom.java;CJLPK_CreateRoom.java;BaseCreateRoom.java	""	5f73126f14c2ee9743e038448e9af349bdee45574dfcfeea06c3a06907db27af
508	wsbea	poker:climbing	poker/climbing/direct-play/terminal-settlement	PROVINCE/jiangxi	510k,bomb,compare-hand	direct-play,terminal-settlement	SOURCE_SIGNATURE_AVAILABLE	WSBEACalcPosEnd.java;WSBEARoomEnum.java;WSBEARoomSet.java;WSBEASetCard.java;WSBEASetOp.java;CWSBEACreateRoom.java;CWSBEA_CreateRoom.java;BaseCreateRoom.java	""	9e238835e308b29e184c0d11b99fba6101e14753c5973e5bae600b5527200655
509	dglz	poker:trick-taking	poker/trick-trump/direct-play/terminal-settlement	PROVINCE/shanghai	510k,compare-hand,trick-trump	direct-play,terminal-settlement	SOURCE_SIGNATURE_AVAILABLE	DGLZCalcPosEnd.java;DGLZRoomEnum.java;DGLZRoomSet.java;DGLZSetCard.java;DGLZSetOp.java;CDGLZCreateRoom.java;CDGLZ_CreateRoom.java;BaseCreateRoom.java	""	b6fdc1c7192125ab2f9b0809c93e3518a61f1a6f9b9073c7fc8a8e68fa7243fd
514	fkbd	poker:climbing	poker/climbing/direct-play/terminal-settlement	PROVINCE/taiwan	510k	direct-play,terminal-settlement	SOURCE_SIGNATURE_AVAILABLE	FKBDCalcPosEnd.java;FKBDRoomEnum.java;FKBDRoomSet.java;FKBDSetCard.java;FKBDSetOp.java;CFKBDCreateRoom.java;CFKBD_CreateRoom.java;BaseCreateRoom.java	""	50f846d503d9901fa595a68173d06f4ac470d9221a77a2ebe3df6edf22414cc1
520	jayxddz	poker:climbing	poker/climbing/direct-play/terminal-settlement	PROVINCE/jiangxi	510k,bomb,compare-hand	direct-play,terminal-settlement	SOURCE_SIGNATURE_AVAILABLE	JAYXDDZCalcPosEnd.java;JAYXDDZRoomEnum.java;JAYXDDZRoomSet.java;JAYXDDZSetCard.java;JAYXDDZSetOp.java;CJAYXDDZCreateRoom.java;CJAYXDDZ_CreateRoom.java;BaseCreateRoom.java;jayxddzChildCreateRoom.js	fangjian,gaoji,jiesan,kexuanwanfa,paymentRoomCardType,playerMinNum,playerNum,setCount,wangpai,xianShi	0f7eaa13b686723caae16ec50f76d2fa6157ed8301690a55ed0d0cdbde29e50e
521	gawsk	poker:510k	poker/510k-partner-capture/direct-play/terminal-settlement	PROVINCE/jiangxi	510k,bomb,compare-hand,trick-trump	direct-play,terminal-settlement	SOURCE_SIGNATURE_AVAILABLE	GAWSKCalcPosEnd.java;GAWSKRoomEnum.java;GAWSKRoomSet.java;GAWSKSetCard.java;GAWSKSetOp.java;CGAWSKCreateRoom.java;CGAWSK_CreateRoom.java;BaseCreateRoom.java;gawskChildCreateRoom.js	baopai,difen,fangjian,gaoji,jiesan,kexuanwanfa,paymentRoomCardType,playerMinNum,playerNum,setCount,xianShi	33121fa16fec55381056315adc3b293edde8af6b1bc6a74a27b88e9439fd5ad9
522	gaddz	poker:landlord	poker/landlord-climbing/pre-round-choice/terminal-settlement	PROVINCE/jiangxi	bomb,dou-di-zhu,pao-de-kuai	pre-round-choice,terminal-settlement	SOURCE_SIGNATURE_AVAILABLE	GADDZRoomSet.java;GADDZSetCard.java;CGADDZCreateRoom.java;CGADDZ_CreateRoom.java;BaseCreateRoom.java;gaddzChildCreateRoom.js	chuntian,fangjian,fengDing,gaoji,jiesan,paymentRoomCardType,playerMinNum,playerNum,setCount,xianShi,zhadan	2cd70ea888f80b00d12445f9425622db2a7f7abf037b643c108014a3104a25c5
523	gast	poker:510k	poker/510k-partner-capture/direct-play/terminal-settlement	PROVINCE/jiangxi	510k,bomb,compare-hand,pao-de-kuai	direct-play,terminal-settlement	SOURCE_SIGNATURE_AVAILABLE	GASTCalcPosEnd.java;GASTRoomEnum.java;GASTRoomSet.java;GASTSetCard.java;GASTSetOp.java;CGASTCreateRoom.java;CGAST_CreateRoom.java;BaseCreateRoom.java;gastChildCreateRoom.js	baopai,fangjian,gaoji,jiesan,kexuanwanfa,paymentRoomCardType,playerMinNum,playerNum,setCount,xianShi	9673508790bc102a20bb49ac9503d807c89fb4d2063329702d757e8ac0bc7611
540	thgz	poker:510k	poker/510k-partner-capture/direct-play/terminal-settlement	PROVINCE/jiangxi	510k,bomb,compare-hand	direct-play,terminal-settlement	SOURCE_SIGNATURE_AVAILABLE	THGZCalcPosEnd.java;THGZRoomEnum.java;THGZRoomSet.java;THGZSetCard.java;THGZSetOp.java;CTHGZCreateRoom.java;CTHGZ_CreateRoom.java;BaseCreateRoom.java;thgzChildCreateRoom.js	fangjian,gaoji,jiangfen,jiawang,jiesan,kexuanwanfa,moshi,paymentRoomCardType,playerMinNum,playerNum,setCount,sudu,wujiang,xianShi	48b00d611eeddb010b29049f5a26ecc62a04bb0a83cc19807578249ccee2f2bf
541	thbbz	poker:510k	poker/510k-partner-capture/direct-play/terminal-settlement	PROVINCE/jiangxi	510k,bomb,compare-hand	direct-play,terminal-settlement	SOURCE_SIGNATURE_AVAILABLE	THBBZCalcPosEnd.java;THBBZRoomEnum.java;THBBZRoomSet.java;THBBZSetCard.java;THBBZSetOp.java;CTHBBZCreateRoom.java;CTHBBZ_CreateRoom.java;BaseCreateRoom.java;thbbzChildCreateRoom.js	fangjian,gaoji,jiesan,jifen,kexuanwanfa,moshi,paymentRoomCardType,playerMinNum,playerNum,setCount,shuyingfenshu,wanfa,xianShi	1183e93288c68039c8276c23a41dce7fbded1efc4f8017ad6e58fca911fb0b76
543	eqw	poker:510k	poker/510k-partner-capture/direct-play/terminal-settlement	PROVINCE/jiangxi	510k,betting,compare-hand,trick-trump	direct-play,terminal-settlement	SOURCE_SIGNATURE_AVAILABLE	EQWCalcPosEnd.java;EQWRoomEnum.java;EQWRoomSet.java;EQWSetCard.java;EQWSetOp.java;CEQWCreateRoom.java;CEQW_CreateRoom.java;BaseCreateRoom.java	""	2a90fd4b824050832cb95085bf55d773b6fa9f182fb9b431627a7b5d5c34a13b
552	cbdg	poker:510k	poker/510k-partner-capture/direct-play/terminal-settlement	PROVINCE/hubei	510k,bomb,compare-hand,pao-de-kuai,trick-trump	direct-play,terminal-settlement	SOURCE_SIGNATURE_AVAILABLE	CBDGCalcPosEnd.java;CBDGRoomEnum.java;CBDGRoomSet.java;CBDGSetCard.java;CBDGSetOp.java;CCBDGCreateRoom.java;CCBDG_CreateRoom.java;BaseCreateRoom.java	""	391058e7602ead63268c52b20956c1ca597dfa050d1fe62da03eb62ef2959999
555	hcng	poker:climbing	poker/climbing/direct-play/terminal-settlement	PROVINCE/guangxi	510k,compare-hand	direct-play,terminal-settlement	SOURCE_SIGNATURE_AVAILABLE	HCNGCalcPosEnd.java;HCNGRoomEnum.java;HCNGRoomSet.java;HCNGSetCard.java;HCNGSetOp.java;CHCNGCreateRoom.java;CHCNG_CreateRoom.java;BaseCreateRoom.java;hcngChildCreateRoom.js	difen,fangjian,gaoji,jiesan,kexuanwanfa,paymentRoomCardType,playerMinNum,playerNum,setCount,xianShi	992d05936f9ecfedbb3b97d431711fd92160b631fcf035b0c3304a84bb81af91
556	zzdmz	poker:510k	poker/510k-partner-capture/direct-play/terminal-settlement	PROVINCE/hunan	510k,bomb,compare-hand	direct-play,terminal-settlement	SOURCE_SIGNATURE_AVAILABLE	ZZDMZCalcPosEnd.java;ZZDMZRoomEnum.java;ZZDMZRoomSet.java;ZZDMZSetCard.java;ZZDMZSetOp.java;CZZDMZCreateRoom.java;CZZDMZ_CreateRoom.java;BaseCreateRoom.java	""	f627a59f83a25dc92feda9baec0d77f9d703b1816c77a6f84e2a210412527128
568	tgwsk	poker:510k	poker/510k-partner-capture/direct-play/terminal-settlement	PROVINCE/jiangxi	510k,bomb,compare-hand,trick-trump	direct-play,terminal-settlement	SOURCE_SIGNATURE_AVAILABLE	TGWSKCalcPosEnd.java;TGWSKRoomEnum.java;TGWSKRoomSet.java;TGWSKSetCard.java;TGWSKSetOp.java;CTGWSKCreateRoom.java;CTGWSK_CreateRoom.java;BaseCreateRoom.java;tgwskChildCreateRoom.js	fangjian,gaoji,jiesan,kexuanwanfa,lianmai,maima,paymentRoomCardType,playerMinNum,playerNum,setCount,shuanggu,xianShi	67b49e630097766e3a8018ef82d32b52a9ea78f77f409c6c4811e61f9b9003d7
571	sjms	poker:510k	poker/510k-partner-capture/direct-play/terminal-settlement	PROVINCE/sichuan	510k,bomb,compare-hand	direct-play,terminal-settlement	SOURCE_SIGNATURE_AVAILABLE	SJMSCalcPosEnd.java;SJMSRoomEnum.java;SJMSRoomSet.java;SJMSSetCard.java;SJMSSetOp.java;CSJMSCreateRoom.java;CSJMS_CreateRoom.java;BaseCreateRoom.java	""	4907baf311293b4af0fd627d6d856f52b5c7c28f2548bde19b59c668a62ad077
572	dzzj	poker:510k	poker/510k-partner-capture/direct-play/terminal-settlement	PROVINCE/jiangxi	510k,bomb,compare-hand	direct-play,terminal-settlement	SOURCE_SIGNATURE_AVAILABLE	DZZJCalcPosEnd.java;DZZJRoomEnum.java;DZZJRoomSet.java;DZZJSetCard.java;DZZJSetOp.java;CDZZJCreateRoom.java;CDZZJ_CreateRoom.java;BaseCreateRoom.java;dzzjChildCreateRoom.js	fangjian,gaoji,jiesan,kexuanwanfa,lianmai,paymentRoomCardType,playerMinNum,playerNum,setCount,xianShi	a71455597a56a3c49fe1109e0dc1099722967384ed060d75c56deb53a911bfb7
573	pydd	poker:510k	poker/510k-partner-capture/direct-play/terminal-settlement	PROVINCE/jiangxi	510k,bomb,compare-hand	direct-play,terminal-settlement	SOURCE_SIGNATURE_AVAILABLE	PYDDCalcPosEnd.java;PYDDRoomEnum.java;PYDDRoomSet.java;PYDDSetCard.java;PYDDSetOp.java;CPYDDCreateRoom.java;CPYDD_CreateRoom.java;BaseCreateRoom.java;pyddChildCreateRoom.js	fangjian,gaoji,guize,jiesan,lianmai,paymentRoomCardType,playerMinNum,playerNum,setCount,xianShi	ad4d31a6667803d23c7cbb93d7e5e1a84b4d093e0f8f623b19df068afc1c799b
589	gapdk	poker:pao-de-kuai	poker/shedding/direct-play/terminal-settlement	PROVINCE/jiangxi	bomb,pao-de-kuai	direct-play,terminal-settlement	SOURCE_SIGNATURE_AVAILABLE	GAPDKRoomSet.java;GAPDKSetCard.java;CGAPDKCreateRoom.java;CGAPDK_CreateRoom.java;BaseCreateRoom.java;gapdkChildCreateRoom.js	clubCostType,clubId,clubWinnerPayConsume,createType,fangfei,fangjian,fangjianxianshi,gameIndex,gaoji,jiesan,jushu,kexuanwanfa,paymentRoomCardType,playerMinNum,playerNum,renshu,setCount,shoupai,sidai,xianShi,zhadanfenshu,zhadansuanfa	166f63232022d0f838214c1dbb3e6213893132ccd312890328b9f409412d53ab
591	qdjt	poker:510k	poker/510k-partner-capture/direct-play/terminal-settlement	PROVINCE/jiangxi	510k,bomb,compare-hand	direct-play,terminal-settlement	SOURCE_SIGNATURE_AVAILABLE	QDJTCalcPosEnd.java;QDJTRoomEnum.java;QDJTRoomSet.java;QDJTSetCard.java;QDJTSetOp.java;CQDJTCreateRoom.java;CQDJT_CreateRoom.java;BaseCreateRoom.java;qdjtChildCreateRoom.js	chongguan,fangjian,gaoji,jiesan,kexuanwanfa,moshi,paymentRoomCardType,playerMinNum,playerNum,setCount,xianShi	399078fd1548bf4a4945257281cfb81296510448146fe49377f5762d9e7375f0
605	jtpdk	poker:pao-de-kuai	poker/shedding/direct-play/terminal-settlement	PROVINCE/jiangsu	bomb,pao-de-kuai	direct-play,terminal-settlement	SOURCE_SIGNATURE_AVAILABLE	JTPDKRoomSet.java;JTPDKSetCard.java;CJTPDKCreateRoom.java;CJTPDK_CreateRoom.java;BaseCreateRoom.java;jtpdkChildCreateRoom.js	clubCostType,clubId,clubWinnerPayConsume,createType,fangfei,fangjian,fangjianxianshi,gameIndex,gaoji,jiesan,jushu,kexuanwanfa,paymentRoomCardType,playerMinNum,playerNum,renshu,setCount,shoupai,sidai,xianShi,zhadanfenshu,zhadansuanfa	4a56fb990eaeb3f10ba681c601dde70d89bae4244ce9c50605b0fe37bfadd237
611	tzpdk	poker:pao-de-kuai	poker/shedding/direct-play/terminal-settlement	PROVINCE/jiangsu	bomb,pao-de-kuai	direct-play,terminal-settlement	SOURCE_SIGNATURE_AVAILABLE	TZPDKRoomSet.java;TZPDKSetCard.java;CTZPDKCreateRoom.java;CTZPDK_CreateRoom.java;BaseCreateRoom.java;tzpdkChildCreateRoom.js	baodan,clubCostType,clubId,clubWinnerPayConsume,createType,fangfei,fangjian,fangjianxianshi,gameIndex,gaoji,jiesan,jushu,kexuanwanfa,paymentRoomCardType,playerMinNum,playerNum,renshu,setCount,shoupai,shunzi,xianShi,zhadanfenshu,zhadansuanfa	cfca98d61a39338b04a90e2846390002a58c1dcecf98ca0df490323c7de4921e
900004	nzdl	poker:landlord	poker/landlord-climbing/pre-round-choice/terminal-settlement	PROVINCE/unpublished	bomb,compare-hand,dou-di-zhu	pre-round-choice,terminal-settlement	SOURCE_SIGNATURE_AVAILABLE	NZDLCalcPosEnd.java;NZDLRoomEnum.java;NZDLRoomSet.java;NZDLSetCard.java;NZDLSetOp.java;CNZDLCreateRoom.java;CNZDL_CreateRoom.java;BaseCreateRoom.java;nzdlChildCreateRoom.js	difen,fangjian,gaoji,jiesan,kexuanwanfa,paymentRoomCardType,playerMinNum,playerNum,sandai,setCount,shunzi,sidai,xianShi	8917c4a35c5296ec554d064e6a6d46666f1808db3b0d2bc63060d5a288c98c0c
900005	pdk_bak	poker:pao-de-kuai	poker/shedding/direct-play/terminal-settlement	PROVINCE/unpublished	bomb,pao-de-kuai	direct-play,terminal-settlement	SOURCE_SIGNATURE_AVAILABLE	PDKRoomSet.java;PDKSetCard.java;CPDK_CreateRoom.java;BaseCreateRoom.java	""	aba8a9add79a11caadaf8d25bfa6922938244186c411fa613dfb83b2ca62e115
