module	javaFiles	category	family	evidenceScores
A3PK	112	POKER	poker-pao-de-kuai	MAHJONG:2,POKER:443,LONG_CARD:0,WORD_CARD:0
AFMJ	108	MAHJONG	mahjong-lai-zi	MAHJONG:539,POKER:0,LONG_CARD:0,WORD_CARD:6
AHHBMJ	110	MAHJONG	mahjong-standard	MAHJONG:396,POKER:0,LONG_CARD:0,WORD_CARD:0
AHHNMJ	102	MAHJONG	mahjong-standard	MAHJONG:394,POKER:0,LONG_CARD:0,WORD_CARD:0
AHMJ	119	MAHJONG	mahjong-standard	MAHJONG:462,POKER:0,LONG_CARD:0,WORD_CARD:0
AHPHZ	125	WORD_CARD	word-card-pao-hu-zi	MAHJONG:286,POKER:0,LONG_CARD:4,WORD_CARD:168
AK159MJ	100	MAHJONG	mahjong-lai-zi	MAHJONG:317,POKER:0,LONG_CARD:0,WORD_CARD:0
AQMJ	103	MAHJONG	mahjong-standard	MAHJONG:393,POKER:0,LONG_CARD:0,WORD_CARD:0
ASMJ	110	MAHJONG	mahjong-lai-zi	MAHJONG:435,POKER:0,LONG_CARD:0,WORD_CARD:0
AYCP	102	LONG_CARD	long-card-regional	MAHJONG:271,POKER:31,LONG_CARD:232,WORD_CARD:0
AYDSS	114	LONG_CARD	long-card-regional	MAHJONG:298,POKER:114,LONG_CARD:375,WORD_CARD:0
AYMJ	104	MAHJONG	mahjong-xue-zhan	MAHJONG:448,POKER:0,LONG_CARD:0,WORD_CARD:0
AYPDK	114	POKER	poker-pao-de-kuai	MAHJONG:3,POKER:135,LONG_CARD:0,WORD_CARD:0
BAMJ	107	MAHJONG	mahjong-lai-zi	MAHJONG:488,POKER:0,LONG_CARD:0,WORD_CARD:0
BDJHMJ	99	MAHJONG	mahjong-standard	MAHJONG:386,POKER:0,LONG_CARD:0,WORD_CARD:0
BDMJ	91	MAHJONG	mahjong-tui-dao-hu	MAHJONG:384,POKER:0,LONG_CARD:0,WORD_CARD:0
BDYXMJ	88	MAHJONG	mahjong-lai-zi	MAHJONG:283,POKER:0,LONG_CARD:0,WORD_CARD:0
BFMJ	107	MAHJONG	mahjong-lai-zi	MAHJONG:481,POKER:0,LONG_CARD:0,WORD_CARD:0
BJPK	134	POKER	poker-pao-de-kuai	MAHJONG:0,POKER:357,LONG_CARD:0,WORD_CARD:0
BP	113	POKER	poker-pao-de-kuai	MAHJONG:0,POKER:186,LONG_CARD:0,WORD_CARD:0
BSL	103	POKER	poker-pao-de-kuai	MAHJONG:2,POKER:141,LONG_CARD:0,WORD_CARD:0
BSMJ	91	MAHJONG	mahjong-standard	MAHJONG:310,POKER:0,LONG_CARD:0,WORD_CARD:0
BW	132	POKER	poker-pao-de-kuai	MAHJONG:0,POKER:618,LONG_CARD:0,WORD_CARD:0
BXMD	109	POKER	poker-pao-de-kuai	MAHJONG:0,POKER:184,LONG_CARD:0,WORD_CARD:0
BYZP	105	WORD_CARD	word-card-pao-hu-zi	MAHJONG:287,POKER:1,LONG_CARD:4,WORD_CARD:145
BZMJ	105	MAHJONG	mahjong-standard	MAHJONG:410,POKER:0,LONG_CARD:0,WORD_CARD:0
BZP	114	WORD_CARD	word-card-pao-hu-zi	MAHJONG:0,POKER:283,LONG_CARD:0,WORD_CARD:328
BZPDK	105	POKER	poker-pao-de-kuai	MAHJONG:1,POKER:174,LONG_CARD:0,WORD_CARD:0
BZQZMJ	107	MAHJONG	mahjong-standard	MAHJONG:426,POKER:0,LONG_CARD:0,WORD_CARD:0
BZTDH	103	MAHJONG	mahjong-standard	MAHJONG:233,POKER:0,LONG_CARD:0,WORD_CARD:0
CBDG	122	POKER	poker-pao-de-kuai	MAHJONG:2,POKER:308,LONG_CARD:0,WORD_CARD:0
CCMJ	98	MAHJONG	mahjong-standard	MAHJONG:421,POKER:0,LONG_CARD:0,WORD_CARD:0
CDP	118	POKER	poker-pao-de-kuai	MAHJONG:0,POKER:230,LONG_CARD:0,WORD_CARD:0
CDXZMJ	92	MAHJONG	mahjong-xue-zhan	MAHJONG:282,POKER:0,LONG_CARD:0,WORD_CARD:0
CHMJ	83	MAHJONG	mahjong-standard	MAHJONG:237,POKER:0,LONG_CARD:0,WORD_CARD:0
CNMJ	100	MAHJONG	mahjong-xue-liu	MAHJONG:414,POKER:0,LONG_CARD:0,WORD_CARD:0
CP	117	POKER	poker-510k	MAHJONG:4,POKER:251,LONG_CARD:145,WORD_CARD:0
CQCP	110	POKER	poker-trick-taking	MAHJONG:0,POKER:158,LONG_CARD:250,WORD_CARD:0
CQHSZMJ	107	MAHJONG	mahjong-xue-zhan	MAHJONG:517,POKER:0,LONG_CARD:0,WORD_CARD:0
CSMJ	121	MAHJONG	mahjong-standard	MAHJONG:459,POKER:0,LONG_CARD:0,WORD_CARD:0
CTPK	112	POKER	poker-pao-de-kuai	MAHJONG:0,POKER:372,LONG_CARD:0,WORD_CARD:0
CTWSK	103	POKER	poker-pao-de-kuai	MAHJONG:9,POKER:194,LONG_CARD:0,WORD_CARD:0
CXMJ	119	MAHJONG	mahjong-standard	MAHJONG:442,POKER:0,LONG_CARD:0,WORD_CARD:0
CXYXMJ	95	MAHJONG	mahjong-standard	MAHJONG:287,POKER:0,LONG_CARD:0,WORD_CARD:0
CYLYMJ	114	MAHJONG	mahjong-lai-zi	MAHJONG:404,POKER:0,LONG_CARD:0,WORD_CARD:0
CZCZMJ	106	MAHJONG	mahjong-lai-zi	MAHJONG:492,POKER:0,LONG_CARD:0,WORD_CARD:30
CZDZMJ	105	MAHJONG	mahjong-standard	MAHJONG:281,POKER:0,LONG_CARD:0,WORD_CARD:0
CZMJ	97	MAHJONG	mahjong-standard	MAHJONG:345,POKER:0,LONG_CARD:0,WORD_CARD:0
DCTS	108	POKER	poker-pao-de-kuai	MAHJONG:2,POKER:209,LONG_CARD:0,WORD_CARD:0
DCWDMJ	99	MAHJONG	mahjong-lai-zi	MAHJONG:400,POKER:0,LONG_CARD:0,WORD_CARD:0
DCZBMJ	97	MAHJONG	mahjong-lai-zi	MAHJONG:370,POKER:0,LONG_CARD:0,WORD_CARD:0
DD	113	POKER	poker-pao-de-kuai	MAHJONG:2,POKER:256,LONG_CARD:0,WORD_CARD:0
DDA	119	POKER	poker-pao-de-kuai	MAHJONG:0,POKER:239,LONG_CARD:0,WORD_CARD:0
DDZ	122	POKER	poker-pao-de-kuai	MAHJONG:4,POKER:183,LONG_CARD:0,WORD_CARD:0
DEMOMJ	89	MAHJONG	mahjong-xue-zhan	MAHJONG:278,POKER:0,LONG_CARD:0,WORD_CARD:0
DGLZ	118	POKER	poker-pao-de-kuai	MAHJONG:0,POKER:211,LONG_CARD:0,WORD_CARD:0
DHD	90	POKER	poker-pao-de-kuai	MAHJONG:0,POKER:119,LONG_CARD:0,WORD_CARD:0
DKGMJ	102	MAHJONG	mahjong-xue-zhan	MAHJONG:385,POKER:0,LONG_CARD:0,WORD_CARD:0
DLE	139	POKER	poker-pao-de-kuai	MAHJONG:0,POKER:828,LONG_CARD:0,WORD_CARD:0
DLQHMJ	98	MAHJONG	mahjong-standard	MAHJONG:412,POKER:0,LONG_CARD:0,WORD_CARD:0
DNMJ	106	MAHJONG	mahjong-standard	MAHJONG:325,POKER:0,LONG_CARD:0,WORD_CARD:0
DPHMJ	92	MAHJONG	mahjong-lai-zi	MAHJONG:368,POKER:0,LONG_CARD:0,WORD_CARD:3
DQDZ	120	POKER	poker-pao-de-kuai	MAHJONG:2,POKER:283,LONG_CARD:0,WORD_CARD:0
DSMJ	101	MAHJONG	mahjong-standard	MAHJONG:369,POKER:0,LONG_CARD:0,WORD_CARD:0
DTLGFMJ	100	MAHJONG	mahjong-standard	MAHJONG:403,POKER:0,LONG_CARD:0,WORD_CARD:0
DTMJ	113	MAHJONG	mahjong-lai-zi	MAHJONG:446,POKER:0,LONG_CARD:0,WORD_CARD:0
DX	110	POKER	poker-trick-taking	MAHJONG:1,POKER:186,LONG_CARD:0,WORD_CARD:0
DXBJMJ	107	MAHJONG	mahjong-standard	MAHJONG:328,POKER:0,LONG_CARD:0,WORD_CARD:0
DYMJ	98	MAHJONG	mahjong-lai-zi	MAHJONG:357,POKER:0,LONG_CARD:0,WORD_CARD:0
DZMJ	158	MAHJONG	mahjong-standard	MAHJONG:674,POKER:0,LONG_CARD:0,WORD_CARD:11
DZPK	117	POKER	poker-pao-de-kuai	MAHJONG:0,POKER:365,LONG_CARD:0,WORD_CARD:0
DZSJZMJ	100	MAHJONG	mahjong-standard	MAHJONG:414,POKER:0,LONG_CARD:3,WORD_CARD:0
DZZJ	112	POKER	poker-pao-de-kuai	MAHJONG:2,POKER:205,LONG_CARD:0,WORD_CARD:0
EQW	123	POKER	poker-pao-de-kuai	MAHJONG:6,POKER:241,LONG_CARD:0,WORD_CARD:0
ERDDZ	127	POKER	poker-pao-de-kuai	MAHJONG:3,POKER:146,LONG_CARD:0,WORD_CARD:0
ESYD	107	POKER	poker-pao-de-kuai	MAHJONG:4,POKER:115,LONG_CARD:0,WORD_CARD:0
FCGP	116	POKER	poker-pao-de-kuai	MAHJONG:2,POKER:188,LONG_CARD:0,WORD_CARD:0
FCMJ	107	MAHJONG	mahjong-lai-zi	MAHJONG:461,POKER:0,LONG_CARD:0,WORD_CARD:0
FCSJ	119	POKER	poker-pao-de-kuai	MAHJONG:2,POKER:304,LONG_CARD:0,WORD_CARD:0
FCTDHMJ	106	MAHJONG	mahjong-standard	MAHJONG:400,POKER:0,LONG_CARD:0,WORD_CARD:0
FCZHA	122	POKER	poker-pao-de-kuai	MAHJONG:6,POKER:327,LONG_CARD:0,WORD_CARD:0
FDDZ	132	POKER	poker-pao-de-kuai	MAHJONG:0,POKER:680,LONG_CARD:0,WORD_CARD:0
FDMJ	98	MAHJONG	mahjong-standard	MAHJONG:350,POKER:0,LONG_CARD:0,WORD_CARD:0
FJYXMJ	102	MAHJONG	mahjong-standard	MAHJONG:486,POKER:0,LONG_CARD:0,WORD_CARD:0
FKBD	102	POKER	poker-pao-de-kuai	MAHJONG:0,POKER:133,LONG_CARD:0,WORD_CARD:0
FQPLS	201	POKER	poker-pao-de-kuai	MAHJONG:0,POKER:167,LONG_CARD:0,WORD_CARD:0
FQSBP	205	POKER	poker-pao-de-kuai	MAHJONG:0,POKER:167,LONG_CARD:0,WORD_CARD:0
FXMJ	96	MAHJONG	mahjong-standard	MAHJONG:395,POKER:0,LONG_CARD:0,WORD_CARD:0
FYDDZMJ	115	MAHJONG	mahjong-standard	MAHJONG:430,POKER:0,LONG_CARD:0,WORD_CARD:0
FYMJ	108	MAHJONG	mahjong-lai-zi	MAHJONG:495,POKER:0,LONG_CARD:0,WORD_CARD:0
FZGCMJ	106	MAHJONG	mahjong-lai-zi	MAHJONG:456,POKER:0,LONG_CARD:0,WORD_CARD:3
FZJXMJ	106	MAHJONG	mahjong-standard	MAHJONG:447,POKER:0,LONG_CARD:0,WORD_CARD:2
FZMJ	82	MAHJONG	mahjong-standard	MAHJONG:242,POKER:0,LONG_CARD:0,WORD_CARD:0
GADDZ	110	POKER	poker-pao-de-kuai	MAHJONG:3,POKER:126,LONG_CARD:0,WORD_CARD:0
GAMJ	112	MAHJONG	mahjong-standard	MAHJONG:354,POKER:0,LONG_CARD:0,WORD_CARD:0
GAPDK	108	POKER	poker-pao-de-kuai	MAHJONG:2,POKER:179,LONG_CARD:0,WORD_CARD:0
GAST	112	POKER	poker-pao-de-kuai	MAHJONG:5,POKER:238,LONG_CARD:0,WORD_CARD:0
GAWSK	115	POKER	poker-pao-de-kuai	MAHJONG:2,POKER:310,LONG_CARD:0,WORD_CARD:0
GCBGMJ	102	MAHJONG	mahjong-lai-zi	MAHJONG:406,POKER:0,LONG_CARD:0,WORD_CARD:0
GCMJ	118	MAHJONG	mahjong-standard	MAHJONG:401,POKER:0,LONG_CARD:0,WORD_CARD:0
GD	136	POKER	poker-pao-de-kuai	MAHJONG:0,POKER:690,LONG_CARD:0,WORD_CARD:0
GDCZMJ	117	MAHJONG	mahjong-standard	MAHJONG:578,POKER:0,LONG_CARD:0,WORD_CARD:0
GDJYMJ	97	MAHJONG	mahjong-standard	MAHJONG:369,POKER:0,LONG_CARD:0,WORD_CARD:0
GDMJ	93	MAHJONG	mahjong-standard	MAHJONG:338,POKER:0,LONG_CARD:0,WORD_CARD:0
GDY	99	POKER	poker-trick-taking	MAHJONG:3,POKER:77,LONG_CARD:0,WORD_CARD:0
GFT258MJ	106	MAHJONG	mahjong-standard	MAHJONG:309,POKER:0,LONG_CARD:0,WORD_CARD:0
GJ	157	POKER	poker-pao-de-kuai	MAHJONG:4,POKER:234,LONG_CARD:0,WORD_CARD:0
GJMJ	118	MAHJONG	mahjong-lai-zi	MAHJONG:433,POKER:0,LONG_CARD:0,WORD_CARD:0
GLPP	106	POKER	poker-pao-de-kuai	MAHJONG:0,POKER:128,LONG_CARD:0,WORD_CARD:0
GLQZMJ	110	MAHJONG	mahjong-standard	MAHJONG:381,POKER:0,LONG_CARD:0,WORD_CARD:0
GLSDH	115	POKER	poker-pao-de-kuai	MAHJONG:0,POKER:160,LONG_CARD:0,WORD_CARD:0
GLWSK	115	POKER	poker-pao-de-kuai	MAHJONG:4,POKER:211,LONG_CARD:0,WORD_CARD:0
GLZP	118	WORD_CARD	word-card-pao-hu-zi	MAHJONG:250,POKER:0,LONG_CARD:4,WORD_CARD:204
GNMJ	98	MAHJONG	mahjong-lai-zi	MAHJONG:330,POKER:0,LONG_CARD:0,WORD_CARD:0
GSDDZ	121	POKER	poker-pao-de-kuai	MAHJONG:3,POKER:179,LONG_CARD:0,WORD_CARD:0
GSJMJ	104	MAHJONG	mahjong-tui-dao-hu	MAHJONG:310,POKER:0,LONG_CARD:0,WORD_CARD:0
GSLZMJ	102	MAHJONG	mahjong-standard	MAHJONG:391,POKER:0,LONG_CARD:0,WORD_CARD:0
GSMJ	107	MAHJONG	mahjong-standard	MAHJONG:305,POKER:0,LONG_CARD:0,WORD_CARD:0
GSPDK	105	POKER	poker-pao-de-kuai	MAHJONG:1,POKER:204,LONG_CARD:0,WORD_CARD:0
GXCDD	111	POKER	poker-pao-de-kuai	MAHJONG:2,POKER:317,LONG_CARD:0,WORD_CARD:0
GXMJ	107	MAHJONG	mahjong-lai-zi	MAHJONG:517,POKER:0,LONG_CARD:0,WORD_CARD:0
GYMJ	115	MAHJONG	mahjong-tui-dao-hu	MAHJONG:421,POKER:0,LONG_CARD:0,WORD_CARD:0
GYZJMJ	116	MAHJONG	mahjong-lai-zi	MAHJONG:420,POKER:0,LONG_CARD:0,WORD_CARD:0
GZ	109	POKER	poker-pao-de-kuai	MAHJONG:2,POKER:243,LONG_CARD:0,WORD_CARD:0
GZMJ	108	MAHJONG	mahjong-lai-zi	MAHJONG:463,POKER:0,LONG_CARD:0,WORD_CARD:0
GZTH	111	POKER	poker-pao-de-kuai	MAHJONG:0,POKER:235,LONG_CARD:0,WORD_CARD:0
HAMJ	85	MAHJONG	mahjong-standard	MAHJONG:305,POKER:0,LONG_CARD:0,WORD_CARD:0
HAXYMJ	104	MAHJONG	mahjong-standard	MAHJONG:374,POKER:1,LONG_CARD:0,WORD_CARD:0
HBHBMJ	93	MAHJONG	mahjong-standard	MAHJONG:289,POKER:0,LONG_CARD:0,WORD_CARD:0
HBMJ	102	MAHJONG	mahjong-standard	MAHJONG:427,POKER:1,LONG_CARD:0,WORD_CARD:0
HBPDK	95	POKER	poker-pao-de-kuai	MAHJONG:0,POKER:166,LONG_CARD:0,WORD_CARD:0
HBTDHMJ	103	MAHJONG	mahjong-tui-dao-hu	MAHJONG:463,POKER:0,LONG_CARD:0,WORD_CARD:0
HBWHMJ	118	MAHJONG	mahjong-lai-zi	MAHJONG:447,POKER:0,LONG_CARD:0,WORD_CARD:0
HBYXMJ	106	MAHJONG	mahjong-lai-zi	MAHJONG:396,POKER:0,LONG_CARD:0,WORD_CARD:0
HCNG	113	POKER	poker-pao-de-kuai	MAHJONG:0,POKER:185,LONG_CARD:0,WORD_CARD:0
HCPDK	105	POKER	poker-pao-de-kuai	MAHJONG:1,POKER:209,LONG_CARD:0,WORD_CARD:0
HEBMJ	113	MAHJONG	mahjong-lai-zi	MAHJONG:544,POKER:0,LONG_CARD:0,WORD_CARD:0
HFBZMJ	99	MAHJONG	mahjong-standard	MAHJONG:354,POKER:0,LONG_CARD:0,WORD_CARD:0
HFMJ	103	MAHJONG	mahjong-standard	MAHJONG:411,POKER:0,LONG_CARD:0,WORD_CARD:0
HHHGW	119	MAHJONG	mahjong-standard	MAHJONG:282,POKER:0,LONG_CARD:4,WORD_CARD:0
HHPDK	100	POKER	poker-pao-de-kuai	MAHJONG:0,POKER:159,LONG_CARD:0,WORD_CARD:0
HJMJ	106	MAHJONG	mahjong-xue-zhan	MAHJONG:491,POKER:0,LONG_CARD:0,WORD_CARD:0
HLDMJ	116	MAHJONG	mahjong-lai-zi	MAHJONG:413,POKER:0,LONG_CARD:0,WORD_CARD:0
HNAYMJ	106	MAHJONG	mahjong-lai-zi	MAHJONG:536,POKER:0,LONG_CARD:0,WORD_CARD:0
HNCSMJ	99	MAHJONG	mahjong-standard	MAHJONG:840,POKER:0,LONG_CARD:0,WORD_CARD:0
HNDZP	110	POKER	poker-hainan-landlord	MAHJONG:0,POKER:286,LONG_CARD:0,WORD_CARD:170
HNHBMJ	102	MAHJONG	mahjong-lai-zi	MAHJONG:482,POKER:0,LONG_CARD:0,WORD_CARD:0
HNJYMJ	92	MAHJONG	mahjong-standard	MAHJONG:303,POKER:0,LONG_CARD:0,WORD_CARD:0
HNJZMJ	124	MAHJONG	mahjong-standard	MAHJONG:531,POKER:0,LONG_CARD:0,WORD_CARD:0
HNMJ	115	MAHJONG	mahjong-lai-zi	MAHJONG:609,POKER:0,LONG_CARD:0,WORD_CARD:2
HNPDK	98	POKER	poker-pao-de-kuai	MAHJONG:0,POKER:163,LONG_CARD:0,WORD_CARD:0
HNPDSMJ	109	MAHJONG	mahjong-lai-zi	MAHJONG:498,POKER:0,LONG_CARD:0,WORD_CARD:0
HNSYMJ	113	MAHJONG	mahjong-lai-zi	MAHJONG:495,POKER:0,LONG_CARD:0,WORD_CARD:0
HNXCMJ	98	MAHJONG	mahjong-standard	MAHJONG:361,POKER:0,LONG_CARD:0,WORD_CARD:0
HNXYMJ	96	MAHJONG	mahjong-standard	MAHJONG:389,POKER:0,LONG_CARD:0,WORD_CARD:0
HNYJMJ	109	MAHJONG	mahjong-lai-zi	MAHJONG:500,POKER:0,LONG_CARD:0,WORD_CARD:0
HNZZMJ	97	MAHJONG	mahjong-standard	MAHJONG:319,POKER:0,LONG_CARD:0,WORD_CARD:0
HSMJ	96	MAHJONG	mahjong-standard	MAHJONG:387,POKER:0,LONG_CARD:0,WORD_CARD:0
HSTDHMJ	99	MAHJONG	mahjong-tui-dao-hu	MAHJONG:303,POKER:0,LONG_CARD:0,WORD_CARD:0
HTMJ	102	MAHJONG	mahjong-standard	MAHJONG:319,POKER:0,LONG_CARD:0,WORD_CARD:0
HW	108	POKER	poker-pao-de-kuai	MAHJONG:0,POKER:139,LONG_CARD:0,WORD_CARD:0
HYHSMJ	98	MAHJONG	mahjong-standard	MAHJONG:353,POKER:0,LONG_CARD:0,WORD_CARD:0
HYLYMJ	105	MAHJONG	mahjong-lai-zi	MAHJONG:336,POKER:0,LONG_CARD:0,WORD_CARD:0
HZBDMJ	98	MAHJONG	mahjong-standard	MAHJONG:394,POKER:0,LONG_CARD:0,WORD_CARD:0
HZJDMJ	109	MAHJONG	mahjong-standard	MAHJONG:320,POKER:0,LONG_CARD:0,WORD_CARD:0
HZMJ	85	MAHJONG	mahjong-standard	MAHJONG:281,POKER:0,LONG_CARD:0,WORD_CARD:0
HZWMJ	96	MAHJONG	mahjong-lai-zi	MAHJONG:777,POKER:0,LONG_CARD:0,WORD_CARD:0
JAMJ	110	MAHJONG	mahjong-lai-zi	MAHJONG:567,POKER:0,LONG_CARD:0,WORD_CARD:6
JAPDK	106	POKER	poker-pao-de-kuai	MAHJONG:2,POKER:180,LONG_CARD:0,WORD_CARD:0
JAWZ	113	POKER	poker-pao-de-kuai	MAHJONG:2,POKER:265,LONG_CARD:0,WORD_CARD:0
JAYXDDZ	107	POKER	poker-pao-de-kuai	MAHJONG:0,POKER:116,LONG_CARD:0,WORD_CARD:0
JAYXMJ	120	MAHJONG	mahjong-lai-zi	MAHJONG:456,POKER:0,LONG_CARD:0,WORD_CARD:0
JCAHMJ	99	MAHJONG	mahjong-standard	MAHJONG:349,POKER:0,LONG_CARD:0,WORD_CARD:0
JCHHMJ	97	MAHJONG	mahjong-standard	MAHJONG:296,POKER:0,LONG_CARD:0,WORD_CARD:0
JCMJ	106	MAHJONG	mahjong-lai-zi	MAHJONG:488,POKER:0,LONG_CARD:0,WORD_CARD:0
JDMJ	129	MAHJONG	mahjong-lai-zi	MAHJONG:494,POKER:0,LONG_CARD:0,WORD_CARD:19
JDZMJ	122	MAHJONG	mahjong-lai-zi	MAHJONG:565,POKER:0,LONG_CARD:0,WORD_CARD:0
JDZPDK	95	POKER	poker-pao-de-kuai	MAHJONG:0,POKER:148,LONG_CARD:0,WORD_CARD:0
JDZTS	107	POKER	poker-pao-de-kuai	MAHJONG:2,POKER:210,LONG_CARD:0,WORD_CARD:0
JJMJ	129	MAHJONG	mahjong-standard	MAHJONG:531,POKER:0,LONG_CARD:0,WORD_CARD:0
JLMJ	100	MAHJONG	mahjong-standard	MAHJONG:439,POKER:0,LONG_CARD:0,WORD_CARD:0
JLPK	127	POKER	poker-sheng-ji	MAHJONG:328,POKER:221,LONG_CARD:4,WORD_CARD:0
JMGGHMJ	107	MAHJONG	mahjong-lai-zi	MAHJONG:552,POKER:0,LONG_CARD:0,WORD_CARD:0
JMHHMJ	96	MAHJONG	mahjong-lai-zi	MAHJONG:413,POKER:0,LONG_CARD:0,WORD_CARD:0
JMJSMJ	116	MAHJONG	mahjong-lai-zi	MAHJONG:449,POKER:0,LONG_CARD:0,WORD_CARD:2
JMSKMJ	95	MAHJONG	mahjong-lai-zi	MAHJONG:322,POKER:0,LONG_CARD:0,WORD_CARD:0
JNMJ	90	MAHJONG	mahjong-standard	MAHJONG:401,POKER:0,LONG_CARD:0,WORD_CARD:0
JSCZMJ	96	MAHJONG	mahjong-lai-zi	MAHJONG:412,POKER:0,LONG_CARD:0,WORD_CARD:0
JSGYMJ	98	MAHJONG	mahjong-lai-zi	MAHJONG:427,POKER:0,LONG_CARD:0,WORD_CARD:0
JSHAMJ	118	MAHJONG	mahjong-standard	MAHJONG:432,POKER:0,LONG_CARD:0,WORD_CARD:0
JSMJ	118	MAHJONG	mahjong-lai-zi	MAHJONG:452,POKER:0,LONG_CARD:0,WORD_CARD:0
JSNYZMJ	99	MAHJONG	mahjong-lai-zi	MAHJONG:365,POKER:0,LONG_CARD:0,WORD_CARD:0
JSSNMJ	118	MAHJONG	mahjong-lai-zi	MAHJONG:422,POKER:0,LONG_CARD:0,WORD_CARD:0
JSSQMJ	111	MAHJONG	mahjong-standard	MAHJONG:479,POKER:0,LONG_CARD:0,WORD_CARD:0
JSTDHMJ	98	MAHJONG	mahjong-tui-dao-hu	MAHJONG:420,POKER:0,LONG_CARD:0,WORD_CARD:0
JSXYMJ	97	MAHJONG	mahjong-tui-dao-hu	MAHJONG:287,POKER:0,LONG_CARD:4,WORD_CARD:0
JSYCMJ	101	MAHJONG	mahjong-standard	MAHJONG:462,POKER:0,LONG_CARD:0,WORD_CARD:0
JSYZMJ	90	MAHJONG	mahjong-standard	MAHJONG:331,POKER:0,LONG_CARD:0,WORD_CARD:0
JTMJ	105	MAHJONG	mahjong-standard	MAHJONG:397,POKER:1,LONG_CARD:0,WORD_CARD:0
JTPDK	108	POKER	poker-pao-de-kuai	MAHJONG:2,POKER:215,LONG_CARD:0,WORD_CARD:0
JXFZGP	130	POKER	poker-pao-de-kuai	MAHJONG:0,POKER:612,LONG_CARD:0,WORD_CARD:0
JXFZMJ	94	MAHJONG	mahjong-standard	MAHJONG:332,POKER:0,LONG_CARD:0,WORD_CARD:0
JXFZPDK	102	POKER	poker-pao-de-kuai	MAHJONG:1,POKER:148,LONG_CARD:0,WORD_CARD:0
JXHS	112	POKER	poker-pao-de-kuai	MAHJONG:0,POKER:158,LONG_CARD:0,WORD_CARD:0
JXMJ	103	MAHJONG	mahjong-lai-zi	MAHJONG:499,POKER:0,LONG_CARD:0,WORD_CARD:0
JXNDMJ	112	MAHJONG	mahjong-standard	MAHJONG:350,POKER:0,LONG_CARD:0,WORD_CARD:0
JXNDPDK	106	POKER	poker-pao-de-kuai	MAHJONG:2,POKER:176,LONG_CARD:0,WORD_CARD:0
JXXYMJ	107	MAHJONG	mahjong-standard	MAHJONG:273,POKER:0,LONG_CARD:0,WORD_CARD:0
JXYZ	122	POKER	poker-pao-de-kuai	MAHJONG:0,POKER:224,LONG_CARD:0,WORD_CARD:0
JYESSZ	118	MAHJONG	mahjong-lai-zi	MAHJONG:283,POKER:1,LONG_CARD:0,WORD_CARD:0
JYMJ	96	MAHJONG	mahjong-lai-zi	MAHJONG:397,POKER:0,LONG_CARD:0,WORD_CARD:0
JZMJ	103	MAHJONG	mahjong-standard	MAHJONG:337,POKER:0,LONG_CARD:0,WORD_CARD:0
JZWZMJ	111	MAHJONG	mahjong-xue-liu	MAHJONG:462,POKER:0,LONG_CARD:0,WORD_CARD:0
KFMJ	104	MAHJONG	mahjong-standard	MAHJONG:413,POKER:0,LONG_CARD:0,WORD_CARD:0
KLMJ	113	MAHJONG	mahjong-standard	MAHJONG:412,POKER:0,LONG_CARD:0,WORD_CARD:7
KSMJ	99	MAHJONG	mahjong-standard	MAHJONG:354,POKER:0,LONG_CARD:0,WORD_CARD:0
LAMJ	101	MAHJONG	mahjong-standard	MAHJONG:360,POKER:0,LONG_CARD:0,WORD_CARD:0
LBHZMJ	79	MAHJONG	mahjong-standard	MAHJONG:209,POKER:0,LONG_CARD:0,WORD_CARD:0
LBMJ	117	MAHJONG	mahjong-standard	MAHJONG:461,POKER:0,LONG_CARD:0,WORD_CARD:0
LCMJ	114	MAHJONG	mahjong-standard	MAHJONG:398,POKER:0,LONG_CARD:0,WORD_CARD:0
LCZP	118	WORD_CARD	word-card-pao-hu-zi	MAHJONG:2,POKER:201,LONG_CARD:0,WORD_CARD:206
LFPHMJ	104	MAHJONG	mahjong-standard	MAHJONG:392,POKER:0,LONG_CARD:0,WORD_CARD:0
LGMJ	102	MAHJONG	mahjong-standard	MAHJONG:395,POKER:0,LONG_CARD:0,WORD_CARD:0
LHGMMJ	100	MAHJONG	mahjong-standard	MAHJONG:368,POKER:1,LONG_CARD:0,WORD_CARD:0
LHMJ	104	MAHJONG	mahjong-standard	MAHJONG:400,POKER:0,LONG_CARD:0,WORD_CARD:0
LHZP	111	POKER	poker-climbing	MAHJONG:4,POKER:202,LONG_CARD:0,WORD_CARD:204
LJWSK4	130	POKER	poker-pao-de-kuai	MAHJONG:2,POKER:210,LONG_CARD:0,WORD_CARD:0
LKMJ	110	MAHJONG	mahjong-standard	MAHJONG:355,POKER:0,LONG_CARD:0,WORD_CARD:0
LKWSK	112	POKER	poker-pao-de-kuai	MAHJONG:4,POKER:226,LONG_CARD:0,WORD_CARD:0
LLFYMJ	112	MAHJONG	mahjong-standard	MAHJONG:343,POKER:0,LONG_CARD:0,WORD_CARD:1
LNJZMJ	91	MAHJONG	mahjong-lai-zi	MAHJONG:358,POKER:0,LONG_CARD:0,WORD_CARD:0
LNMJ	105	MAHJONG	mahjong-lai-zi	MAHJONG:401,POKER:0,LONG_CARD:0,WORD_CARD:0
LNSYMJ	117	MAHJONG	mahjong-lai-zi	MAHJONG:407,POKER:0,LONG_CARD:0,WORD_CARD:0
LPMJ	100	MAHJONG	mahjong-lai-zi	MAHJONG:397,POKER:0,LONG_CARD:0,WORD_CARD:1
LPPDK	109	POKER	poker-pao-de-kuai	MAHJONG:1,POKER:175,LONG_CARD:0,WORD_CARD:0
LPSMJ	116	MAHJONG	mahjong-standard	MAHJONG:437,POKER:0,LONG_CARD:0,WORD_CARD:0
LPTS	107	POKER	poker-pao-de-kuai	MAHJONG:2,POKER:211,LONG_CARD:0,WORD_CARD:0
LS13579	106	MAHJONG	mahjong-lai-zi	MAHJONG:263,POKER:1,LONG_CARD:0,WORD_CARD:0
LSKJJMJ	125	MAHJONG	mahjong-standard	MAHJONG:446,POKER:0,LONG_CARD:0,WORD_CARD:0
LSLWZMJ	96	MAHJONG	mahjong-lai-zi	MAHJONG:330,POKER:0,LONG_CARD:0,WORD_CARD:0
LSMJ	107	MAHJONG	mahjong-standard	MAHJONG:501,POKER:0,LONG_CARD:0,WORD_CARD:0
LSXZMJ	92	MAHJONG	mahjong-standard	MAHJONG:314,POKER:0,LONG_CARD:0,WORD_CARD:0
LSYJMJ	105	MAHJONG	mahjong-xue-zhan	MAHJONG:551,POKER:2,LONG_CARD:0,WORD_CARD:0
LWMJ	117	MAHJONG	mahjong-lai-zi	MAHJONG:515,POKER:0,LONG_CARD:0,WORD_CARD:0
LXMJ	105	MAHJONG	mahjong-lai-zi	MAHJONG:395,POKER:1,LONG_CARD:0,WORD_CARD:0
LYGCMJ	103	MAHJONG	mahjong-standard	MAHJONG:348,POKER:0,LONG_CARD:0,WORD_CARD:0
LYGMJ	95	MAHJONG	mahjong-standard	MAHJONG:292,POKER:0,LONG_CARD:0,WORD_CARD:0
LYMJ	89	MAHJONG	mahjong-standard	MAHJONG:322,POKER:0,LONG_CARD:0,WORD_CARD:0
LZMJ	102	MAHJONG	mahjong-lai-zi	MAHJONG:411,POKER:0,LONG_CARD:0,WORD_CARD:0
LZXZMJ	102	MAHJONG	mahjong-xue-zhan	MAHJONG:448,POKER:0,LONG_CARD:0,WORD_CARD:0
MASMJ	116	MAHJONG	mahjong-standard	MAHJONG:501,POKER:0,LONG_CARD:0,WORD_CARD:0
MMMJ	99	MAHJONG	mahjong-lai-zi	MAHJONG:400,POKER:0,LONG_CARD:0,WORD_CARD:0
MSMJ	102	MAHJONG	mahjong-xue-zhan	MAHJONG:440,POKER:0,LONG_CARD:0,WORD_CARD:0
MYMJ	102	MAHJONG	mahjong-standard	MAHJONG:540,POKER:0,LONG_CARD:0,WORD_CARD:0
MZMJ	93	MAHJONG	mahjong-standard	MAHJONG:308,POKER:0,LONG_CARD:0,WORD_CARD:0
NAMJ	91	MAHJONG	mahjong-standard	MAHJONG:285,POKER:0,LONG_CARD:0,WORD_CARD:0
NBCXMJ	97	MAHJONG	mahjong-standard	MAHJONG:361,POKER:1,LONG_CARD:0,WORD_CARD:0
NBMJ	102	MAHJONG	mahjong-lai-zi	MAHJONG:437,POKER:1,LONG_CARD:0,WORD_CARD:0
NCAYMJ	101	MAHJONG	mahjong-standard	MAHJONG:350,POKER:1,LONG_CARD:0,WORD_CARD:0
NCMJ	128	MAHJONG	mahjong-lai-zi	MAHJONG:593,POKER:1,LONG_CARD:0,WORD_CARD:0
NDMJ	85	MAHJONG	mahjong-standard	MAHJONG:244,POKER:0,LONG_CARD:0,WORD_CARD:0
NHMJ	83	MAHJONG	mahjong-standard	MAHJONG:271,POKER:0,LONG_CARD:0,WORD_CARD:0
NJLHMJ	105	MAHJONG	mahjong-standard	MAHJONG:497,POKER:0,LONG_CARD:0,WORD_CARD:0
NJMJ	129	MAHJONG	mahjong-standard	MAHJONG:569,POKER:0,LONG_CARD:0,WORD_CARD:0
NKBHMJ	98	MAHJONG	mahjong-standard	MAHJONG:369,POKER:0,LONG_CARD:0,WORD_CARD:0
NMGYZMJ	106	MAHJONG	mahjong-tui-dao-hu	MAHJONG:387,POKER:0,LONG_CARD:0,WORD_CARD:0
NN	111	POKER	poker-pao-de-kuai	MAHJONG:4,POKER:72,LONG_CARD:0,WORD_CARD:0
NPGZMJ	108	MAHJONG	mahjong-lai-zi	MAHJONG:348,POKER:0,LONG_CARD:0,WORD_CARD:0
NPMJ	105	MAHJONG	mahjong-lai-zi	MAHJONG:351,POKER:0,LONG_CARD:0,WORD_CARD:0
NTCP	99	MAHJONG	mahjong-lai-zi	MAHJONG:272,POKER:0,LONG_CARD:143,WORD_CARD:0
NXKWMJ	134	MAHJONG	mahjong-lai-zi	MAHJONG:575,POKER:0,LONG_CARD:0,WORD_CARD:0
NXMJ	107	MAHJONG	mahjong-tui-dao-hu	MAHJONG:300,POKER:0,LONG_CARD:0,WORD_CARD:0
NYKWXMJ	98	MAHJONG	mahjong-standard	MAHJONG:380,POKER:0,LONG_CARD:0,WORD_CARD:0
NYTHMJ	105	MAHJONG	mahjong-standard	MAHJONG:296,POKER:0,LONG_CARD:0,WORD_CARD:0
NYXXMJ	107	MAHJONG	mahjong-standard	MAHJONG:354,POKER:0,LONG_CARD:0,WORD_CARD:0
NZDL	114	POKER	poker-pao-de-kuai	MAHJONG:0,POKER:182,LONG_CARD:0,WORD_CARD:0
NZMJ	109	MAHJONG	mahjong-standard	MAHJONG:328,POKER:0,LONG_CARD:0,WORD_CARD:2
NZWSK	124	POKER	poker-pao-de-kuai	MAHJONG:0,POKER:211,LONG_CARD:0,WORD_CARD:0
PBYHMJ	97	MAHJONG	mahjong-lai-zi	MAHJONG:393,POKER:0,LONG_CARD:0,WORD_CARD:0
PCMJ	115	MAHJONG	mahjong-lai-zi	MAHJONG:399,POKER:0,LONG_CARD:0,WORD_CARD:0
PDK	108	POKER	poker-pao-de-kuai	MAHJONG:2,POKER:187,LONG_CARD:0,WORD_CARD:0
PDK_BAK	90	POKER	poker-pao-de-kuai	MAHJONG:0,POKER:132,LONG_CARD:0,WORD_CARD:0
PDSJXMJ	100	MAHJONG	mahjong-standard	MAHJONG:317,POKER:0,LONG_CARD:0,WORD_CARD:0
PDSLSMJ	98	MAHJONG	mahjong-standard	MAHJONG:220,POKER:0,LONG_CARD:0,WORD_CARD:0
PDSYXMJ	101	MAHJONG	mahjong-standard	MAHJONG:330,POKER:0,LONG_CARD:0,WORD_CARD:0
PHMJ	103	MAHJONG	mahjong-lai-zi	MAHJONG:439,POKER:0,LONG_CARD:0,WORD_CARD:0
PNYHMJ	99	MAHJONG	mahjong-standard	MAHJONG:384,POKER:0,LONG_CARD:0,WORD_CARD:0
PT13MJ	87	MAHJONG	mahjong-standard	MAHJONG:315,POKER:0,LONG_CARD:0,WORD_CARD:0
PTMJ	83	MAHJONG	mahjong-xue-zhan	MAHJONG:270,POKER:0,LONG_CARD:0,WORD_CARD:0
PX258MJ	94	MAHJONG	mahjong-standard	MAHJONG:354,POKER:0,LONG_CARD:0,WORD_CARD:0
PX3GT	127	POKER	poker-pao-de-kuai	MAHJONG:0,POKER:418,LONG_CARD:0,WORD_CARD:0
PX6GT	129	POKER	poker-pao-de-kuai	MAHJONG:0,POKER:424,LONG_CARD:0,WORD_CARD:0
PXCN	99	POKER	poker-pao-de-kuai	MAHJONG:0,POKER:57,LONG_CARD:0,WORD_CARD:0
PXMJ	105	MAHJONG	mahjong-tui-dao-hu	MAHJONG:385,POKER:1,LONG_CARD:0,WORD_CARD:0
PXPDK	101	POKER	poker-pao-de-kuai	MAHJONG:0,POKER:179,LONG_CARD:0,WORD_CARD:0
PXPHZ	125	WORD_CARD	word-card-pao-hu-zi	MAHJONG:290,POKER:0,LONG_CARD:4,WORD_CARD:255
PXZZMJ	84	MAHJONG	mahjong-lai-zi	MAHJONG:229,POKER:0,LONG_CARD:0,WORD_CARD:0
PY	136	POKER	poker-pao-de-kuai	MAHJONG:0,POKER:375,LONG_CARD:0,WORD_CARD:0
PYDD	123	POKER	poker-pao-de-kuai	MAHJONG:0,POKER:182,LONG_CARD:0,WORD_CARD:0
PYMJ	97	MAHJONG	mahjong-standard	MAHJONG:390,POKER:0,LONG_CARD:0,WORD_CARD:0
PYPDK	95	POKER	poker-pao-de-kuai	MAHJONG:0,POKER:148,LONG_CARD:0,WORD_CARD:0
PYPP	130	POKER	poker-pao-de-kuai	MAHJONG:0,POKER:389,LONG_CARD:0,WORD_CARD:0
PYSFT	110	POKER	poker-pao-de-kuai	MAHJONG:2,POKER:191,LONG_CARD:0,WORD_CARD:0
PYZHW	134	POKER	poker-pao-de-kuai	MAHJONG:0,POKER:482,LONG_CARD:0,WORD_CARD:0
PZMJ	95	MAHJONG	mahjong-standard	MAHJONG:330,POKER:0,LONG_CARD:0,WORD_CARD:0
QBSK	116	POKER	poker-pao-de-kuai	MAHJONG:2,POKER:225,LONG_CARD:0,WORD_CARD:0
QCDG	116	POKER	poker-pao-de-kuai	MAHJONG:2,POKER:324,LONG_CARD:0,WORD_CARD:0
QDBH	118	POKER	poker-pao-de-kuai	MAHJONG:0,POKER:181,LONG_CARD:0,WORD_CARD:2
QDJT	125	POKER	poker-pao-de-kuai	MAHJONG:3,POKER:280,LONG_CARD:0,WORD_CARD:0
QDMJ	113	MAHJONG	mahjong-lai-zi	MAHJONG:425,POKER:0,LONG_CARD:0,WORD_CARD:0
QJFBBMJ	123	MAHJONG	mahjong-lai-zi	MAHJONG:535,POKER:0,LONG_CARD:0,WORD_CARD:0
QJFXJMJ	116	MAHJONG	mahjong-standard	MAHJONG:341,POKER:0,LONG_CARD:0,WORD_CARD:0
QWWES	108	POKER	poker-pao-de-kuai	MAHJONG:4,POKER:209,LONG_CARD:0,WORD_CARD:0
QXWQ	111	MAHJONG	mahjong-standard	MAHJONG:224,POKER:86,LONG_CARD:0,WORD_CARD:0
QYMJ	97	MAHJONG	mahjong-standard	MAHJONG:333,POKER:0,LONG_CARD:0,WORD_CARD:0
QYPHMJ	99	MAHJONG	mahjong-standard	MAHJONG:377,POKER:0,LONG_CARD:0,WORD_CARD:0
QZCSMJ	96	MAHJONG	mahjong-lai-zi	MAHJONG:338,POKER:0,LONG_CARD:0,WORD_CARD:0
QZKHMJ	96	MAHJONG	mahjong-lai-zi	MAHJONG:412,POKER:0,LONG_CARD:0,WORD_CARD:0
QZMJ	86	MAHJONG	mahjong-standard	MAHJONG:276,POKER:0,LONG_CARD:0,WORD_CARD:0
RBMJ	102	MAHJONG	mahjong-xue-liu	MAHJONG:420,POKER:0,LONG_CARD:0,WORD_CARD:0
RCMJ	111	MAHJONG	mahjong-standard	MAHJONG:469,POKER:0,LONG_CARD:0,WORD_CARD:0
RCWSK	114	POKER	poker-pao-de-kuai	MAHJONG:9,POKER:267,LONG_CARD:0,WORD_CARD:0
RCWSK3	114	POKER	poker-pao-de-kuai	MAHJONG:9,POKER:241,LONG_CARD:0,WORD_CARD:0
RCWSK6	130	POKER	poker-pao-de-kuai	MAHJONG:2,POKER:211,LONG_CARD:0,WORD_CARD:0
RGJAMJ	104	MAHJONG	mahjong-xue-zhan	MAHJONG:434,POKER:1,LONG_CARD:0,WORD_CARD:0
RJMJ	107	MAHJONG	mahjong-lai-zi	MAHJONG:406,POKER:0,LONG_CARD:0,WORD_CARD:0
RQMJ	100	MAHJONG	mahjong-lai-zi	MAHJONG:390,POKER:0,LONG_CARD:0,WORD_CARD:0
RXEW	109	MAHJONG	mahjong-lai-zi	MAHJONG:304,POKER:52,LONG_CARD:0,WORD_CARD:0
RZMJ	99	MAHJONG	mahjong-standard	MAHJONG:335,POKER:0,LONG_CARD:0,WORD_CARD:0
SCDYMJ	102	MAHJONG	mahjong-xue-zhan	MAHJONG:437,POKER:0,LONG_CARD:0,WORD_CARD:0
SCGAMJ	118	MAHJONG	mahjong-lai-zi	MAHJONG:616,POKER:0,LONG_CARD:0,WORD_CARD:135
SCGXMJ	106	MAHJONG	mahjong-xue-zhan	MAHJONG:556,POKER:2,LONG_CARD:0,WORD_CARD:0
SCMJ	119	MAHJONG	mahjong-standard	MAHJONG:423,POKER:0,LONG_CARD:0,WORD_CARD:0
SCNJMJ	94	MAHJONG	mahjong-xue-zhan	MAHJONG:432,POKER:0,LONG_CARD:0,WORD_CARD:0
SCPK	119	POKER	poker-pao-de-kuai	MAHJONG:2,POKER:357,LONG_CARD:0,WORD_CARD:0
SD	111	POKER	poker-pao-de-kuai	MAHJONG:0,POKER:260,LONG_CARD:0,WORD_CARD:0
SDB	95	POKER	poker-trick-taking	MAHJONG:1,POKER:95,LONG_CARD:0,WORD_CARD:0
SDFJMJ	139	MAHJONG	mahjong-lai-zi	MAHJONG:738,POKER:0,LONG_CARD:0,WORD_CARD:0
SDH	113	POKER	poker-pao-de-kuai	MAHJONG:5,POKER:477,LONG_CARD:0,WORD_CARD:0
SDHZMJ	106	MAHJONG	mahjong-standard	MAHJONG:434,POKER:1,LONG_CARD:0,WORD_CARD:0
SDJNMJ	107	MAHJONG	mahjong-standard	MAHJONG:332,POKER:0,LONG_CARD:0,WORD_CARD:0
SDLCMJ	106	MAHJONG	mahjong-standard	MAHJONG:402,POKER:1,LONG_CARD:0,WORD_CARD:0
SDLYMJ	94	MAHJONG	mahjong-standard	MAHJONG:378,POKER:0,LONG_CARD:0,WORD_CARD:0
SDZZMJ	120	MAHJONG	mahjong-standard	MAHJONG:543,POKER:1,LONG_CARD:0,WORD_CARD:0
SFPHMJ	104	MAHJONG	mahjong-standard	MAHJONG:409,POKER:0,LONG_CARD:0,WORD_CARD:0
SG	109	POKER	poker-pao-de-kuai	MAHJONG:4,POKER:72,LONG_CARD:0,WORD_CARD:0
SGEW	108	MAHJONG	mahjong-lai-zi	MAHJONG:300,POKER:53,LONG_CARD:0,WORD_CARD:0
SGLK	120	POKER	poker-pao-de-kuai	MAHJONG:0,POKER:176,LONG_CARD:0,WORD_CARD:0
SGMJ	95	MAHJONG	mahjong-standard	MAHJONG:381,POKER:0,LONG_CARD:0,WORD_CARD:0
SHQMMJ	104	MAHJONG	mahjong-lai-zi	MAHJONG:492,POKER:0,LONG_CARD:0,WORD_CARD:24
SJ	116	POKER	poker-pao-de-kuai	MAHJONG:0,POKER:179,LONG_CARD:0,WORD_CARD:0
SJMS	129	POKER	poker-pao-de-kuai	MAHJONG:2,POKER:319,LONG_CARD:0,WORD_CARD:0
SMMJ	96	MAHJONG	mahjong-standard	MAHJONG:413,POKER:0,LONG_CARD:0,WORD_CARD:0
SQMJ	110	MAHJONG	mahjong-lai-zi	MAHJONG:628,POKER:0,LONG_CARD:0,WORD_CARD:0
SQSYMJ	101	MAHJONG	mahjong-lai-zi	MAHJONG:463,POKER:0,LONG_CARD:0,WORD_CARD:0
SQYCMJ	114	MAHJONG	mahjong-lai-zi	MAHJONG:424,POKER:0,LONG_CARD:0,WORD_CARD:0
SRDDZ	122	POKER	poker-pao-de-kuai	MAHJONG:4,POKER:261,LONG_CARD:0,WORD_CARD:0
SRMJ	119	MAHJONG	mahjong-lai-zi	MAHJONG:458,POKER:0,LONG_CARD:0,WORD_CARD:2
SSE	103	MAHJONG	mahjong-standard	MAHJONG:346,POKER:0,LONG_CARD:0,WORD_CARD:0
SSMJ	93	MAHJONG	mahjong-standard	MAHJONG:363,POKER:0,LONG_CARD:0,WORD_CARD:0
SSPMJ	104	MAHJONG	mahjong-standard	MAHJONG:534,POKER:0,LONG_CARD:0,WORD_CARD:0
SSS	188	POKER	poker-pao-de-kuai	MAHJONG:0,POKER:170,LONG_CARD:0,WORD_CARD:0
SSTX	117	POKER	poker-pao-de-kuai	MAHJONG:2,POKER:309,LONG_CARD:0,WORD_CARD:0
ST	127	POKER	poker-pao-de-kuai	MAHJONG:0,POKER:210,LONG_CARD:0,WORD_CARD:0
STMJ	98	MAHJONG	mahjong-standard	MAHJONG:327,POKER:0,LONG_CARD:0,WORD_CARD:0
STSTMJ	104	MAHJONG	mahjong-standard	MAHJONG:367,POKER:0,LONG_CARD:0,WORD_CARD:0
SWMJ	102	MAHJONG	mahjong-lai-zi	MAHJONG:440,POKER:0,LONG_CARD:0,WORD_CARD:0
SXHTMJ	112	MAHJONG	mahjong-lai-zi	MAHJONG:482,POKER:0,LONG_CARD:0,WORD_CARD:0
SXLSMJ	98	MAHJONG	mahjong-lai-zi	MAHJONG:326,POKER:0,LONG_CARD:0,WORD_CARD:0
SXMJ	94	MAHJONG	mahjong-standard	MAHJONG:332,POKER:0,LONG_CARD:0,WORD_CARD:0
SXMMJ	107	MAHJONG	mahjong-standard	MAHJONG:329,POKER:0,LONG_CARD:0,WORD_CARD:0
SXZJMJ	114	MAHJONG	mahjong-lai-zi	MAHJONG:406,POKER:0,LONG_CARD:0,WORD_CARD:0
SYMJ	118	MAHJONG	mahjong-lai-zi	MAHJONG:530,POKER:0,LONG_CARD:0,WORD_CARD:0
SYS	120	POKER	poker-pao-de-kuai	MAHJONG:5,POKER:244,LONG_CARD:0,WORD_CARD:0
SYSYBP	125	MAHJONG	mahjong-standard	MAHJONG:302,POKER:0,LONG_CARD:4,WORD_CARD:0
SZD	111	POKER	poker-pao-de-kuai	MAHJONG:4,POKER:177,LONG_CARD:0,WORD_CARD:0
SZMJ	108	MAHJONG	mahjong-lai-zi	MAHJONG:518,POKER:0,LONG_CARD:0,WORD_CARD:0
TAMJ	118	MAHJONG	mahjong-standard	MAHJONG:454,POKER:0,LONG_CARD:0,WORD_CARD:0
TBHMJ	97	MAHJONG	mahjong-standard	MAHJONG:421,POKER:1,LONG_CARD:0,WORD_CARD:0
TBZFBMJ	93	MAHJONG	mahjong-standard	MAHJONG:313,POKER:0,LONG_CARD:0,WORD_CARD:0
TCMJ	98	MAHJONG	mahjong-lai-zi	MAHJONG:476,POKER:0,LONG_CARD:0,WORD_CARD:0
TDHMJ	88	MAHJONG	mahjong-standard	MAHJONG:297,POKER:0,LONG_CARD:0,WORD_CARD:0
TGMJ	113	MAHJONG	mahjong-tui-dao-hu	MAHJONG:405,POKER:0,LONG_CARD:0,WORD_CARD:0
TGWSK	127	POKER	poker-pao-de-kuai	MAHJONG:0,POKER:301,LONG_CARD:0,WORD_CARD:0
THBBZ	113	POKER	poker-pao-de-kuai	MAHJONG:2,POKER:268,LONG_CARD:0,WORD_CARD:0
THGJMJ	119	MAHJONG	mahjong-lai-zi	MAHJONG:457,POKER:0,LONG_CARD:0,WORD_CARD:0
THGZ	109	POKER	poker-pao-de-kuai	MAHJONG:2,POKER:270,LONG_CARD:0,WORD_CARD:0
THJGL	131	POKER	poker-pao-de-kuai	MAHJONG:4,POKER:277,LONG_CARD:0,WORD_CARD:0
THKB	110	POKER	poker-pao-de-kuai	MAHJONG:10,POKER:234,LONG_CARD:0,WORD_CARD:0
TJMJ	101	MAHJONG	mahjong-lai-zi	MAHJONG:408,POKER:0,LONG_CARD:0,WORD_CARD:0
TJTGMJ	90	MAHJONG	mahjong-standard	MAHJONG:389,POKER:0,LONG_CARD:0,WORD_CARD:0
TJTJMJ	99	MAHJONG	mahjong-lai-zi	MAHJONG:401,POKER:0,LONG_CARD:0,WORD_CARD:0
TMHHMJ	97	MAHJONG	mahjong-lai-zi	MAHJONG:374,POKER:0,LONG_CARD:0,WORD_CARD:0
TSDG	118	POKER	poker-pao-de-kuai	MAHJONG:0,POKER:258,LONG_CARD:0,WORD_CARD:0
TTZ	106	POKER	poker-trick-taking	MAHJONG:1,POKER:121,LONG_CARD:0,WORD_CARD:0
TWGZ	110	POKER	poker-pao-de-kuai	MAHJONG:0,POKER:200,LONG_CARD:0,WORD_CARD:0
TWMJ	92	MAHJONG	mahjong-standard	MAHJONG:360,POKER:0,LONG_CARD:0,WORD_CARD:0
TXMJ	102	MAHJONG	mahjong-standard	MAHJONG:425,POKER:0,LONG_CARD:0,WORD_CARD:0
TZJJMJ	122	MAHJONG	mahjong-standard	MAHJONG:415,POKER:0,LONG_CARD:0,WORD_CARD:0
TZKZMJ	107	MAHJONG	mahjong-standard	MAHJONG:583,POKER:1,LONG_CARD:0,WORD_CARD:0
TZMJ	86	MAHJONG	mahjong-standard	MAHJONG:353,POKER:0,LONG_CARD:0,WORD_CARD:0
TZPDK	109	POKER	poker-pao-de-kuai	MAHJONG:2,POKER:214,LONG_CARD:0,WORD_CARD:0
Test	25	INFRASTRUCTURE	backend-framework	MAHJONG:18,POKER:4,LONG_CARD:0,WORD_CARD:0
WABJMJ	96	MAHJONG	mahjong-xue-liu	MAHJONG:354,POKER:0,LONG_CARD:0,WORD_CARD:0
WFBH	122	POKER	poker-pao-de-kuai	MAHJONG:0,POKER:194,LONG_CARD:0,WORD_CARD:2
WGFHMJ	99	MAHJONG	mahjong-standard	MAHJONG:364,POKER:0,LONG_CARD:0,WORD_CARD:0
WHBH	123	POKER	poker-pao-de-kuai	MAHJONG:0,POKER:218,LONG_CARD:0,WORD_CARD:5
WHMJ	109	MAHJONG	mahjong-standard	MAHJONG:527,POKER:0,LONG_CARD:0,WORD_CARD:0
WJMJ	89	MAHJONG	mahjong-lai-zi	MAHJONG:314,POKER:0,LONG_CARD:0,WORD_CARD:0
WK	103	POKER	poker-pao-de-kuai	MAHJONG:2,POKER:177,LONG_CARD:0,WORD_CARD:0
WL	127	POKER	poker-pao-de-kuai	MAHJONG:3,POKER:495,LONG_CARD:0,WORD_CARD:0
WNMJ	92	MAHJONG	mahjong-standard	MAHJONG:387,POKER:0,LONG_CARD:0,WORD_CARD:0
WNPDK	89	POKER	poker-pao-de-kuai	MAHJONG:0,POKER:125,LONG_CARD:0,WORD_CARD:0
WNYH	91	MAHJONG	mahjong-standard	MAHJONG:268,POKER:1,LONG_CARD:0,WORD_CARD:0
WSBEA	111	POKER	poker-pao-de-kuai	MAHJONG:0,POKER:147,LONG_CARD:0,WORD_CARD:0
WSK	107	POKER	poker-pao-de-kuai	MAHJONG:2,POKER:265,LONG_CARD:0,WORD_CARD:0
WXLS	186	POKER	poker-pao-de-kuai	MAHJONG:0,POKER:148,LONG_CARD:0,WORD_CARD:0
WXMJ	92	MAHJONG	mahjong-standard	MAHJONG:346,POKER:0,LONG_CARD:0,WORD_CARD:0
WXZMMJ	120	MAHJONG	mahjong-lai-zi	MAHJONG:554,POKER:0,LONG_CARD:0,WORD_CARD:2
WZMJ	96	MAHJONG	mahjong-standard	MAHJONG:418,POKER:0,LONG_CARD:0,WORD_CARD:0
WZQSMJ	88	MAHJONG	mahjong-standard	MAHJONG:301,POKER:0,LONG_CARD:0,WORD_CARD:0
XCMJ	94	MAHJONG	mahjong-xue-zhan	MAHJONG:432,POKER:0,LONG_CARD:0,WORD_CARD:0
XFGZMJ	108	MAHJONG	mahjong-standard	MAHJONG:348,POKER:0,LONG_CARD:0,WORD_CARD:0
XGKWXMJ	106	MAHJONG	mahjong-standard	MAHJONG:591,POKER:0,LONG_CARD:0,WORD_CARD:0
XGPDK	105	POKER	poker-pao-de-kuai	MAHJONG:0,POKER:176,LONG_CARD:0,WORD_CARD:0
XHBBMJ	97	MAHJONG	mahjong-standard	MAHJONG:417,POKER:0,LONG_CARD:0,WORD_CARD:0
XHMJ	97	MAHJONG	mahjong-standard	MAHJONG:470,POKER:0,LONG_CARD:0,WORD_CARD:0
XHZMJ	82	MAHJONG	mahjong-standard	MAHJONG:246,POKER:0,LONG_CARD:0,WORD_CARD:0
XJBJMJ	104	MAHJONG	mahjong-standard	MAHJONG:517,POKER:0,LONG_CARD:0,WORD_CARD:0
XJLSHMJ	107	MAHJONG	mahjong-xue-liu	MAHJONG:426,POKER:0,LONG_CARD:0,WORD_CARD:0
XJMJ	99	MAHJONG	mahjong-standard	MAHJONG:352,POKER:0,LONG_CARD:0,WORD_CARD:0
XJXZMJ	98	MAHJONG	mahjong-xue-liu	MAHJONG:367,POKER:0,LONG_CARD:0,WORD_CARD:0
XL2VS2MJ	123	MAHJONG	mahjong-xue-zhan	MAHJONG:661,POKER:0,LONG_CARD:0,WORD_CARD:0
XLHZMJ	93	MAHJONG	mahjong-xue-liu	MAHJONG:278,POKER:0,LONG_CARD:0,WORD_CARD:0
XLQMJ	84	MAHJONG	mahjong-standard	MAHJONG:321,POKER:0,LONG_CARD:0,WORD_CARD:0
XMMJ	91	MAHJONG	mahjong-standard	MAHJONG:332,POKER:0,LONG_CARD:0,WORD_CARD:0
XNMJ	109	MAHJONG	mahjong-lai-zi	MAHJONG:503,POKER:0,LONG_CARD:0,WORD_CARD:0
XPLP	99	MAHJONG	mahjong-standard	MAHJONG:241,POKER:0,LONG_CARD:0,WORD_CARD:0
XPPHZ	125	WORD_CARD	word-card-pao-hu-zi	MAHJONG:290,POKER:0,LONG_CARD:4,WORD_CARD:255
XSDQ	125	POKER	poker-pao-de-kuai	MAHJONG:0,POKER:191,LONG_CARD:0,WORD_CARD:0
XSMJ	111	MAHJONG	mahjong-lai-zi	MAHJONG:536,POKER:0,LONG_CARD:0,WORD_CARD:0
XSY	105	POKER	poker-pao-de-kuai	MAHJONG:4,POKER:203,LONG_CARD:0,WORD_CARD:0
XTLHMJ	109	MAHJONG	mahjong-lai-zi	MAHJONG:458,POKER:0,LONG_CARD:0,WORD_CARD:0
XTMJ	95	MAHJONG	mahjong-standard	MAHJONG:365,POKER:0,LONG_CARD:0,WORD_CARD:0
XWMJ	97	MAHJONG	mahjong-standard	MAHJONG:408,POKER:0,LONG_CARD:0,WORD_CARD:0
XXFQMJ	105	MAHJONG	mahjong-standard	MAHJONG:376,POKER:0,LONG_CARD:0,WORD_CARD:0
XXMJ	111	MAHJONG	mahjong-tui-dao-hu	MAHJONG:389,POKER:0,LONG_CARD:0,WORD_CARD:0
XXTDHMJ	102	MAHJONG	mahjong-standard	MAHJONG:388,POKER:0,LONG_CARD:0,WORD_CARD:0
XYGSMJ	110	MAHJONG	mahjong-standard	MAHJONG:330,POKER:0,LONG_CARD:0,WORD_CARD:0
XYHCMJ	117	MAHJONG	mahjong-lai-zi	MAHJONG:573,POKER:0,LONG_CARD:0,WORD_CARD:0
XYMJ	81	MAHJONG	mahjong-standard	MAHJONG:201,POKER:0,LONG_CARD:0,WORD_CARD:0
XYSCMJ	102	MAHJONG	mahjong-standard	MAHJONG:389,POKER:0,LONG_CARD:0,WORD_CARD:0
XYWSK	107	POKER	poker-pao-de-kuai	MAHJONG:2,POKER:209,LONG_CARD:0,WORD_CARD:0
XYXMJ	103	MAHJONG	mahjong-standard	MAHJONG:523,POKER:0,LONG_CARD:0,WORD_CARD:0
XYXXMJ	100	MAHJONG	mahjong-lai-zi	MAHJONG:427,POKER:0,LONG_CARD:0,WORD_CARD:0
XYXXPDK	105	POKER	poker-pao-de-kuai	MAHJONG:2,POKER:180,LONG_CARD:0,WORD_CARD:0
XYZB	107	POKER	poker-pao-de-kuai	MAHJONG:0,POKER:205,LONG_CARD:0,WORD_CARD:0
XZMJ	114	MAHJONG	mahjong-lai-zi	MAHJONG:492,POKER:0,LONG_CARD:0,WORD_CARD:0
YBGXMJ	122	MAHJONG	mahjong-lai-zi	MAHJONG:424,POKER:0,LONG_CARD:0,WORD_CARD:0
YCFXMJ	124	MAHJONG	mahjong-lai-zi	MAHJONG:565,POKER:0,LONG_CARD:0,WORD_CARD:0
YCHP	105	WORD_CARD	word-card-pao-hu-zi	MAHJONG:243,POKER:2,LONG_CARD:0,WORD_CARD:0
YCMJ	102	MAHJONG	mahjong-standard	MAHJONG:352,POKER:0,LONG_CARD:0,WORD_CARD:0
YCSDR	104	WORD_CARD	word-card-pao-hu-zi	MAHJONG:245,POKER:0,LONG_CARD:0,WORD_CARD:0
YCSGMJ	121	MAHJONG	mahjong-lai-zi	MAHJONG:569,POKER:0,LONG_CARD:0,WORD_CARD:0
YCTJMJ	104	MAHJONG	mahjong-lai-zi	MAHJONG:424,POKER:0,LONG_CARD:0,WORD_CARD:0
YDDGMJ	107	MAHJONG	mahjong-lai-zi	MAHJONG:453,POKER:0,LONG_CARD:0,WORD_CARD:0
YFCGMJ	120	MAHJONG	mahjong-lai-zi	MAHJONG:521,POKER:0,LONG_CARD:0,WORD_CARD:0
YFMJ	99	MAHJONG	mahjong-standard	MAHJONG:434,POKER:0,LONG_CARD:0,WORD_CARD:0
YGJZMJ	98	MAHJONG	mahjong-standard	MAHJONG:373,POKER:0,LONG_CARD:0,WORD_CARD:0
YGLFL	106	POKER	poker-pao-de-kuai	MAHJONG:0,POKER:142,LONG_CARD:0,WORD_CARD:0
YGMJ	98	MAHJONG	mahjong-standard	MAHJONG:439,POKER:0,LONG_CARD:0,WORD_CARD:0
YGPDK	100	POKER	poker-pao-de-kuai	MAHJONG:0,POKER:176,LONG_CARD:0,WORD_CARD:0
YGWSK	112	POKER	poker-pao-de-kuai	MAHJONG:2,POKER:228,LONG_CARD:0,WORD_CARD:0
YHMJ	106	MAHJONG	mahjong-standard	MAHJONG:398,POKER:0,LONG_CARD:0,WORD_CARD:0
YHZMJ	94	MAHJONG	mahjong-lai-zi	MAHJONG:330,POKER:0,LONG_CARD:0,WORD_CARD:0
YJLYMJ	98	MAHJONG	mahjong-lai-zi	MAHJONG:344,POKER:0,LONG_CARD:0,WORD_CARD:0
YJMJ	99	MAHJONG	mahjong-lai-zi	MAHJONG:393,POKER:0,LONG_CARD:0,WORD_CARD:0
YJNXMJ	98	MAHJONG	mahjong-standard	MAHJONG:320,POKER:0,LONG_CARD:0,WORD_CARD:0
YKMJ	123	MAHJONG	mahjong-tui-dao-hu	MAHJONG:449,POKER:0,LONG_CARD:0,WORD_CARD:14
YLDGZMJ	99	MAHJONG	mahjong-standard	MAHJONG:368,POKER:0,LONG_CARD:0,WORD_CARD:0
YSDZ	119	POKER	poker-pao-de-kuai	MAHJONG:3,POKER:269,LONG_CARD:0,WORD_CARD:3
YSMJ	100	MAHJONG	mahjong-standard	MAHJONG:336,POKER:0,LONG_CARD:0,WORD_CARD:0
YSZMJ	116	MAHJONG	mahjong-standard	MAHJONG:397,POKER:0,LONG_CARD:0,WORD_CARD:0
YTMJ	93	MAHJONG	mahjong-standard	MAHJONG:350,POKER:0,LONG_CARD:0,WORD_CARD:0
YTYJMJ	101	MAHJONG	mahjong-lai-zi	MAHJONG:394,POKER:0,LONG_CARD:0,WORD_CARD:0
YXBZMJ	112	MAHJONG	mahjong-standard	MAHJONG:355,POKER:0,LONG_CARD:0,WORD_CARD:0
YXDDZ	121	POKER	poker-pao-de-kuai	MAHJONG:3,POKER:167,LONG_CARD:0,WORD_CARD:0
YXLS	182	POKER	poker-pao-de-kuai	MAHJONG:0,POKER:142,LONG_CARD:0,WORD_CARD:0
YXMJ	90	MAHJONG	mahjong-standard	MAHJONG:390,POKER:0,LONG_CARD:0,WORD_CARD:0
YXPDK	111	POKER	poker-pao-de-kuai	MAHJONG:4,POKER:180,LONG_CARD:0,WORD_CARD:0
YXSRDDZ	123	POKER	poker-pao-de-kuai	MAHJONG:3,POKER:164,LONG_CARD:0,WORD_CARD:0
YXTDH	102	MAHJONG	mahjong-lai-zi	MAHJONG:347,POKER:0,LONG_CARD:0,WORD_CARD:0
YYMJ	98	MAHJONG	mahjong-standard	MAHJONG:358,POKER:0,LONG_CARD:0,WORD_CARD:0
YZCHZ	129	WORD_CARD	word-card-pao-hu-zi	MAHJONG:289,POKER:0,LONG_CARD:4,WORD_CARD:0
YZGYMJ	114	MAHJONG	mahjong-lai-zi	MAHJONG:517,POKER:1,LONG_CARD:4,WORD_CARD:0
YZMJ	102	MAHJONG	mahjong-lai-zi	MAHJONG:361,POKER:0,LONG_CARD:0,WORD_CARD:0
YZPDK	100	POKER	poker-pao-de-kuai	MAHJONG:2,POKER:162,LONG_CARD:0,WORD_CARD:0
YZYZMJ	122	MAHJONG	mahjong-standard	MAHJONG:481,POKER:0,LONG_CARD:0,WORD_CARD:0
ZA13MJ	95	MAHJONG	mahjong-standard	MAHJONG:361,POKER:0,LONG_CARD:0,WORD_CARD:2
ZA16MJ	92	MAHJONG	mahjong-standard	MAHJONG:412,POKER:0,LONG_CARD:0,WORD_CARD:2
ZASS	110	MAHJONG	mahjong-standard	MAHJONG:219,POKER:0,LONG_CARD:4,WORD_CARD:0
ZCMJ	113	MAHJONG	mahjong-lai-zi	MAHJONG:450,POKER:0,LONG_CARD:0,WORD_CARD:0
ZD	114	POKER	poker-pao-de-kuai	MAHJONG:0,POKER:212,LONG_CARD:0,WORD_CARD:0
ZGCP	107	LONG_CARD	long-card-zigong	MAHJONG:285,POKER:24,LONG_CARD:219,WORD_CARD:0
ZGDSS	110	LONG_CARD	long-card-zigong-da-si-shi	MAHJONG:281,POKER:109,LONG_CARD:150,WORD_CARD:0
ZGMJ	107	MAHJONG	mahjong-standard	MAHJONG:655,POKER:0,LONG_CARD:0,WORD_CARD:0
ZGQZMJ	104	MAHJONG	mahjong-lai-zi	MAHJONG:517,POKER:0,LONG_CARD:0,WORD_CARD:0
ZGZ	110	POKER	poker-pao-de-kuai	MAHJONG:0,POKER:146,LONG_CARD:0,WORD_CARD:0
ZJGMJ	91	MAHJONG	mahjong-standard	MAHJONG:292,POKER:0,LONG_CARD:0,WORD_CARD:0
ZJHZMJ	114	MAHJONG	mahjong-lai-zi	MAHJONG:478,POKER:0,LONG_CARD:0,WORD_CARD:0
ZJJHMJ	96	MAHJONG	mahjong-standard	MAHJONG:507,POKER:0,LONG_CARD:0,WORD_CARD:0
ZJMJ	92	MAHJONG	mahjong-lai-zi	MAHJONG:333,POKER:0,LONG_CARD:0,WORD_CARD:0
ZJPLS	206	POKER	poker-pao-de-kuai	MAHJONG:0,POKER:209,LONG_CARD:0,WORD_CARD:0
ZJQZMJ	102	MAHJONG	mahjong-lai-zi	MAHJONG:367,POKER:0,LONG_CARD:0,WORD_CARD:0
ZJQZSK	131	POKER	poker-pao-de-kuai	MAHJONG:0,POKER:675,LONG_CARD:0,WORD_CARD:0
ZJSHZMJ	98	MAHJONG	mahjong-standard	MAHJONG:359,POKER:0,LONG_CARD:0,WORD_CARD:0
ZJTZMJ	119	MAHJONG	mahjong-lai-zi	MAHJONG:486,POKER:1,LONG_CARD:0,WORD_CARD:0
ZJWZMJ	126	MAHJONG	mahjong-standard	MAHJONG:492,POKER:0,LONG_CARD:0,WORD_CARD:30
ZKLYMJ	105	MAHJONG	mahjong-standard	MAHJONG:338,POKER:0,LONG_CARD:0,WORD_CARD:0
ZKMJ	99	MAHJONG	mahjong-standard	MAHJONG:399,POKER:0,LONG_CARD:0,WORD_CARD:0
ZLMZ	118	POKER	poker-pao-de-kuai	MAHJONG:0,POKER:270,LONG_CARD:0,WORD_CARD:0
ZMDMJ	109	MAHJONG	mahjong-lai-zi	MAHJONG:451,POKER:0,LONG_CARD:0,WORD_CARD:0
ZPMJ	112	MAHJONG	mahjong-standard	MAHJONG:382,POKER:0,LONG_CARD:0,WORD_CARD:16
ZXMJ	105	MAHJONG	mahjong-lai-zi	MAHJONG:416,POKER:0,LONG_CARD:0,WORD_CARD:0
ZYMJ	93	MAHJONG	mahjong-standard	MAHJONG:311,POKER:1,LONG_CARD:0,WORD_CARD:0
ZZDMZ	122	POKER	poker-pao-de-kuai	MAHJONG:2,POKER:243,LONG_CARD:0,WORD_CARD:0
ZZMJ	92	MAHJONG	mahjong-lai-zi	MAHJONG:300,POKER:0,LONG_CARD:0,WORD_CARD:0
ZZNSB	119	POKER	poker-pao-de-kuai	MAHJONG:4,POKER:280,LONG_CARD:0,WORD_CARD:0
ZZPH	124	MAHJONG	mahjong-standard	MAHJONG:299,POKER:0,LONG_CARD:4,WORD_CARD:0
commdef	647	INFRASTRUCTURE	backend-framework	MAHJONG:64,POKER:81,LONG_CARD:0,WORD_CARD:1
common	216	INFRASTRUCTURE	backend-framework	MAHJONG:0,POKER:0,LONG_CARD:0,WORD_CARD:0
gameHall	12	INFRASTRUCTURE	backend-framework	MAHJONG:0,POKER:0,LONG_CARD:0,WORD_CARD:0
gameServer	1123	INFRASTRUCTURE	backend-framework	MAHJONG:2127,POKER:151,LONG_CARD:0,WORD_CARD:1
